-- Backup do Golpeito
-- Data: 15/06/2026, 16:25:10
-- =====================================================

-- Tabela: users
DELETE FROM users;

INSERT INTO users (id, created_at, nickname, email, password_hash, coins, avatar_color) VALUES ('8250f49f-2729-4c1e-9fc6-e101f6ad5102', '2026-05-23T16:44:26.499308+00:00', 'nicolelol', 'nicole@gmail.com', '$2a$12$Efv/CZr4P8mBe./bkRckROQEoANOI1GIUgMp6tLZmhWirGRnaW1zi', 0, '#EC4899');
INSERT INTO users (id, created_at, nickname, email, password_hash, coins, avatar_color) VALUES ('d1ef2d23-3716-4cf4-b5f2-580a3f2096f2', '2026-03-25T23:30:47.86014+00:00', 'modofokin', 'modofokin@gmail.com', '$2a$12$JaJnVgo05pjI5QdA0/CHoem.v1pTOHQ5O2ZGF8xskJFUk7idPYB7C', 10000, '#FFD700');
INSERT INTO users (id, created_at, nickname, email, password_hash, coins, avatar_color) VALUES ('22f563d5-e98b-4411-a7c6-29c0aa11f2a2', '2026-05-28T13:43:11.253639+00:00', 'vtr', 'vitoremmanuel011@gmail.com', '$2a$12$DHmXrXKkxv3eoWNnYtwedO.y2z4Ly7kMxWshwHhTIn5jz/6RE0tn.', 0, '#EC4899');
INSERT INTO users (id, created_at, nickname, email, password_hash, coins, avatar_color) VALUES ('58160b6e-e5bb-4c24-b789-4cb2864a6451', '2026-03-25T15:45:30.053549+00:00', 'Alisfon', 'alissonflamengo74@gmail.com', '$2a$12$dPaCKQhrlQTJYtJjPWw7G.podeDm.0VOLLb.vOXmXRo4mBGchnTKS', 0, '#FFD700');
INSERT INTO users (id, created_at, nickname, email, password_hash, coins, avatar_color) VALUES ('03e4fb77-e2fc-45fa-8a84-4e9a219fb641', '2026-03-25T18:49:57.008894+00:00', 'ElielVasco', 'elielliraprogamer@gmail.com', '$2a$12$NQxxx83d4nMK7F/ontAn/O2xYV3tgpx7NkFEgmtErLrwpfA.BQvI.', 0, '#FF4757');
INSERT INTO users (id, created_at, nickname, email, password_hash, coins, avatar_color) VALUES ('d287c5d6-d119-4c98-aaf2-a8ccd4ffaa74', '2026-03-25T15:47:56.939011+00:00', 'MtL', 'matheuslevy37@gmail.com', '$2a$12$uK5G5.vp42q8eSW1K80qRuY.X3D85Z.R7WSGgOxIfY7GaEaIr80Na', 0, '#00D26A');
INSERT INTO users (id, created_at, nickname, email, password_hash, coins, avatar_color) VALUES ('e5540940-ed57-43f6-b541-8ec032ec7c40', '2026-05-28T18:39:14.094963+00:00', 'Wand', 'wandhersoares25@gmail.com', '$2a$12$1B1hRINavRrLeS3Uzun16uaJGnoIibWTx4C.ed/590XR7jfvy43gq', 0, '#00D26A');
INSERT INTO users (id, created_at, nickname, email, password_hash, coins, avatar_color) VALUES ('c3fb920a-b1e6-4705-9e65-e07f52c87318', '2026-03-25T13:10:04.884351+00:00', 'osvaldo', 'osvaldo@gmail.com', '$2a$12$u3qrJwNZi5DHVBqs6MCfUO/kXMSxHx0/0adbHs2PmwTIx8JiLW4ae', 0, '#F97316');
INSERT INTO users (id, created_at, nickname, email, password_hash, coins, avatar_color) VALUES ('6f9767e0-811c-49e3-a3fb-decde9866acc', '2026-05-09T14:37:04.206222+00:00', 'Sarmento', 'sarmento.ramos11@gmail.com', '$2a$12$/4A3.a2zjTa9GbF0DK3mtuA0fNijMvNc6f0cWTjgKbGokh3/HxSWC', 10, '#EC4899');
INSERT INTO users (id, created_at, nickname, email, password_hash, coins, avatar_color) VALUES ('2aabd39d-c78e-41bd-9042-727727ec7764', '2026-05-20T13:23:24.863076+00:00', 'Mainha', 'gleitelinhares@gmail.com', '$2a$12$NWzGhy6wBytN.XJTjDR4oe9rg5MTAwp1nARD8w/ruq6HarVd/iF9O', 0, '#8B5CF6');
INSERT INTO users (id, created_at, nickname, email, password_hash, coins, avatar_color) VALUES ('7a8b5a82-db0a-407c-aa01-0f2f9c889b97', '2026-05-20T13:23:25.439994+00:00', 'Isaac', 'linhares.isaac@gmail.com', '$2a$12$.fpBjurXat3/z6.QRxziReCDr8NmvhrTnRge6HJavD7zIaaK/xvfK', 0, '#14B8A6');
INSERT INTO users (id, created_at, nickname, email, password_hash, coins, avatar_color) VALUES ('ea9237ba-7e86-4908-9457-399bb30a4d40', '2026-06-06T22:45:22.588516+00:00', 'gabrielasm', 'gsbrielasm2@gmail.com', '$2a$12$hnn13HWOrHb5CmNnUzMUbOafHewvrjRPRQW6emxcMN.VrhAIAcvEa', 0, '#8B5CF6');
INSERT INTO users (id, created_at, nickname, email, password_hash, coins, avatar_color) VALUES ('aa33838d-a76d-437a-92c4-e6df02d5ff38', '2026-06-07T13:07:28.680334+00:00', 'papai', 'osvaldosoareslandimlandim@gmail.com', '$2a$12$uL.JkuLzF0WvyNr/Kv6dHeXpBJyuJgQQdf779XpGH29IHG501dAae', 0, '#A855F7');
INSERT INTO users (id, created_at, nickname, email, password_hash, coins, avatar_color) VALUES ('e6dc9700-da36-496d-afe2-1a41e52d28ce', '2026-06-11T13:01:35.903289+00:00', 'Sorriso', 'kauelinkin@gmail.com', '$2a$12$ajWvLHb3xUOdd.ttZGVc2OziCJYTx3WQUl9NPQHLUhdqIrgXdMs9C', 0, '#FFD700');
INSERT INTO users (id, created_at, nickname, email, password_hash, coins, avatar_color) VALUES ('dc2ba35b-fe35-4128-8e29-3590679ffde7', '2026-06-11T21:33:51.168932+00:00', 'felipe''--', 'abc@gmail.com', '$2a$12$1peCKokeSmrXp3HijbuQCOifRa9Vl4SuoyRkr2Mc0fvExPR34XalO', 0, '#84CC16');
INSERT INTO users (id, created_at, nickname, email, password_hash, coins, avatar_color) VALUES ('d8a6c489-5bb8-4859-b27c-c681584266cf', '2026-06-11T21:54:55.656717+00:00', 'Teste', 'teste@hotmail.com', '$2a$12$.6jtXxmugFQgPMmm44bkEeqDBzDvCSQ09gEGhjiG8Ar0uShcaFZNS', 0, '#84CC16');
INSERT INTO users (id, created_at, nickname, email, password_hash, coins, avatar_color) VALUES ('c393da75-c241-4b53-b091-50a15adf6956', '2026-03-25T19:33:42.026858+00:00', 'Negaolol', 'victorhugo1506@gmail.com', '$2a$12$etIj/ryjezZGfqI5ZpaHO.AZ2RXLt4HO4.zsCK3zoU0.Bz2mR5XNS', 10000, '#FFD700');
INSERT INTO users (id, created_at, nickname, email, password_hash, coins, avatar_color) VALUES ('adf4ff21-e1b5-4fdb-ac43-6eda9a8aab5b', '2026-06-12T17:48:06.592434+00:00', 'Gabi', 'gabriela_linhares@outlook.com', '$2a$12$nPCch6uk7Xrcw6pr0I5SpuNxdgM.2pZLzzOXPnJ9pN6h/TzkF7tEO', 0, '#00D26A');
INSERT INTO users (id, created_at, nickname, email, password_hash, coins, avatar_color) VALUES ('2a3c3617-3286-4635-8373-b8b5c2ee43a9', '2026-06-11T12:35:59.294616+00:00', 'Felipe', 'felipefreitag08@hotmail.com', '$2a$12$OslZc1iBMCv9cWvKGsVBl.UgRoPdFndOTGjFIck1UT.1.kGNYMCr2', 922337203685477600, '#F97316');

-- Tabela: rooms
DELETE FROM rooms;

INSERT INTO rooms (id, created_at, code, name, owner_id, is_active, pts_exact, pts_winner) VALUES ('9ff679bf-2c41-48e7-8010-a7402b639baf', '2026-03-25T18:53:59.426493+00:00', 'FY4CXF', 'votação jogo coop', 'c3fb920a-b1e6-4705-9e65-e07f52c87318', true, 5, 3);
INSERT INTO rooms (id, created_at, code, name, owner_id, is_active, pts_exact, pts_winner) VALUES ('54e66ce1-6fd1-4b79-8a4c-3b45f21c117b', '2026-03-25T20:16:41.013229+00:00', '2RHSEQ', 'Linhares Landim', 'c3fb920a-b1e6-4705-9e65-e07f52c87318', true, 5, 3);
INSERT INTO rooms (id, created_at, code, name, owner_id, is_active, pts_exact, pts_winner) VALUES ('091fc666-0e5e-4d83-9655-9f10eabf943e', '2026-06-11T22:37:54.508722+00:00', 'E3275F', 'Teste', '2a3c3617-3286-4635-8373-b8b5c2ee43a9', true, 5, 3);
INSERT INTO rooms (id, created_at, code, name, owner_id, is_active, pts_exact, pts_winner) VALUES ('6da5e62c-5515-40ed-95f6-dd17af7fcfa1', '2026-06-11T22:38:30.131622+00:00', 'FXKPTZ', 'TESTE2'';UPDATE users SET email = ''A'';--', '2a3c3617-3286-4635-8373-b8b5c2ee43a9', true, 5, 3);

-- Tabela: room_members
DELETE FROM room_members;

INSERT INTO room_members (id, created_at, room_id, user_id, coins_in_room, joined_at, total_points) VALUES (52, '2026-06-11T12:36:36.345751+00:00', '9ff679bf-2c41-48e7-8010-a7402b639baf', '2a3c3617-3286-4635-8373-b8b5c2ee43a9', 0, '2026-06-11T12:36:36.345751+00:00', 29);
INSERT INTO room_members (id, created_at, room_id, user_id, coins_in_room, joined_at, total_points) VALUES (24, '2026-03-25T19:34:59.985288+00:00', '9ff679bf-2c41-48e7-8010-a7402b639baf', 'c393da75-c241-4b53-b091-50a15adf6956', 1000, '2026-03-25T19:34:59.985288+00:00', 23);
INSERT INTO room_members (id, created_at, room_id, user_id, coins_in_room, joined_at, total_points) VALUES (21, '2026-03-25T18:56:40.402749+00:00', '9ff679bf-2c41-48e7-8010-a7402b639baf', 'd287c5d6-d119-4c98-aaf2-a8ccd4ffaa74', 0, '2026-03-25T18:56:40.402749+00:00', 25);
INSERT INTO room_members (id, created_at, room_id, user_id, coins_in_room, joined_at, total_points) VALUES (23, '2026-03-25T19:04:07.31525+00:00', '9ff679bf-2c41-48e7-8010-a7402b639baf', '58160b6e-e5bb-4c24-b789-4cb2864a6451', 400, '2026-03-25T19:04:07.31525+00:00', 28);
INSERT INTO room_members (id, created_at, room_id, user_id, coins_in_room, joined_at, total_points) VALUES (19, '2026-03-25T18:53:59.56523+00:00', '9ff679bf-2c41-48e7-8010-a7402b639baf', 'c3fb920a-b1e6-4705-9e65-e07f52c87318', 10100, '2026-03-25T18:53:59.56523+00:00', 17);
INSERT INTO room_members (id, created_at, room_id, user_id, coins_in_room, joined_at, total_points) VALUES (27, '2026-03-26T17:48:03.214024+00:00', '9ff679bf-2c41-48e7-8010-a7402b639baf', 'd1ef2d23-3716-4cf4-b5f2-580a3f2096f2', 0, '2026-03-26T17:48:03.214024+00:00', 26);
INSERT INTO room_members (id, created_at, room_id, user_id, coins_in_room, joined_at, total_points) VALUES (49, '2026-05-28T18:40:39.69987+00:00', '9ff679bf-2c41-48e7-8010-a7402b639baf', 'e5540940-ed57-43f6-b541-8ec032ec7c40', 0, '2026-05-28T18:40:39.69987+00:00', 20);
INSERT INTO room_members (id, created_at, room_id, user_id, coins_in_room, joined_at, total_points) VALUES (50, '2026-06-06T22:46:57.287796+00:00', '9ff679bf-2c41-48e7-8010-a7402b639baf', 'ea9237ba-7e86-4908-9457-399bb30a4d40', 0, '2026-06-06T22:46:57.287796+00:00', 12);
INSERT INTO room_members (id, created_at, room_id, user_id, coins_in_room, joined_at, total_points) VALUES (48, '2026-05-28T13:43:51.299213+00:00', '9ff679bf-2c41-48e7-8010-a7402b639baf', '22f563d5-e98b-4411-a7c6-29c0aa11f2a2', 0, '2026-05-28T13:43:51.299213+00:00', 23);
INSERT INTO room_members (id, created_at, room_id, user_id, coins_in_room, joined_at, total_points) VALUES (51, '2026-06-07T13:08:56.137823+00:00', '54e66ce1-6fd1-4b79-8a4c-3b45f21c117b', 'aa33838d-a76d-437a-92c4-e6df02d5ff38', 0, '2026-06-07T13:08:56.137823+00:00', 18);
INSERT INTO room_members (id, created_at, room_id, user_id, coins_in_room, joined_at, total_points) VALUES (44, '2026-05-23T16:45:19.26303+00:00', '54e66ce1-6fd1-4b79-8a4c-3b45f21c117b', '8250f49f-2729-4c1e-9fc6-e101f6ad5102', 0, '2026-05-23T16:45:19.26303+00:00', 36);
INSERT INTO room_members (id, created_at, room_id, user_id, coins_in_room, joined_at, total_points) VALUES (56, '2026-06-12T17:49:15.792409+00:00', '54e66ce1-6fd1-4b79-8a4c-3b45f21c117b', 'adf4ff21-e1b5-4fdb-ac43-6eda9a8aab5b', 0, '2026-06-12T17:49:15.792409+00:00', 9);
INSERT INTO room_members (id, created_at, room_id, user_id, coins_in_room, joined_at, total_points) VALUES (41, '2026-05-20T13:25:05.836843+00:00', '54e66ce1-6fd1-4b79-8a4c-3b45f21c117b', '7a8b5a82-db0a-407c-aa01-0f2f9c889b97', 0, '2026-05-20T13:25:05.836843+00:00', 9);
INSERT INTO room_members (id, created_at, room_id, user_id, coins_in_room, joined_at, total_points) VALUES (26, '2026-03-25T20:16:41.203776+00:00', '54e66ce1-6fd1-4b79-8a4c-3b45f21c117b', 'c3fb920a-b1e6-4705-9e65-e07f52c87318', 0, '2026-03-25T20:16:41.203776+00:00', 17);
INSERT INTO room_members (id, created_at, room_id, user_id, coins_in_room, joined_at, total_points) VALUES (40, '2026-05-20T13:24:52.25946+00:00', '54e66ce1-6fd1-4b79-8a4c-3b45f21c117b', '2aabd39d-c78e-41bd-9042-727727ec7764', 0, '2026-05-20T13:24:52.25946+00:00', 0);
INSERT INTO room_members (id, created_at, room_id, user_id, coins_in_room, joined_at, total_points) VALUES (20, '2026-03-25T18:55:44.785444+00:00', '9ff679bf-2c41-48e7-8010-a7402b639baf', '03e4fb77-e2fc-45fa-8a84-4e9a219fb641', 0, '2026-03-25T18:55:44.785444+00:00', 0);
INSERT INTO room_members (id, created_at, room_id, user_id, coins_in_room, joined_at, total_points) VALUES (54, '2026-06-11T22:37:54.700194+00:00', '091fc666-0e5e-4d83-9655-9f10eabf943e', '2a3c3617-3286-4635-8373-b8b5c2ee43a9', 0, '2026-06-11T22:37:54.700194+00:00', 0);
INSERT INTO room_members (id, created_at, room_id, user_id, coins_in_room, joined_at, total_points) VALUES (55, '2026-06-11T22:38:30.320053+00:00', '6da5e62c-5515-40ed-95f6-dd17af7fcfa1', '2a3c3617-3286-4635-8373-b8b5c2ee43a9', 0, '2026-06-11T22:38:30.320053+00:00', 0);
INSERT INTO room_members (id, created_at, room_id, user_id, coins_in_room, joined_at, total_points) VALUES (53, '2026-06-11T13:02:33.745192+00:00', '9ff679bf-2c41-48e7-8010-a7402b639baf', 'e6dc9700-da36-496d-afe2-1a41e52d28ce', 0, '2026-06-11T13:02:33.745192+00:00', 15);
INSERT INTO room_members (id, created_at, room_id, user_id, coins_in_room, joined_at, total_points) VALUES (43, '2026-05-23T16:44:58.975738+00:00', '9ff679bf-2c41-48e7-8010-a7402b639baf', '8250f49f-2729-4c1e-9fc6-e101f6ad5102', 0, '2026-05-23T16:44:58.975738+00:00', 31);

-- Tabela: matches
DELETE FROM matches;

INSERT INTO matches (id, created_at, match_code, group_label, home_team, home_flag, home_abbr, away_team, away_flag, away_abbr, match_date, match_time, home_score, away_score, status, phase, qualifier, match_phase) VALUES ('228fa5a1-60f3-44a7-b65a-269cb8dd1c05', '2026-06-15T18:59:53.140268+00:00', 'FD537392', 'I', 'Iraq', '🇮🇶', 'IRQ', 'Norway', '🇳🇴', 'NOR', '16 Jun', '22:00', NULL, NULL, 'scheduled', 'group', NULL, 'TIMED');
INSERT INTO matches (id, created_at, match_code, group_label, home_team, home_flag, home_abbr, away_team, away_flag, away_abbr, match_date, match_time, home_score, away_score, status, phase, qualifier, match_phase) VALUES ('e770b922-505c-4987-ac3f-01f4b6f79c0a', '2026-06-15T18:59:53.140268+00:00', 'FD537397', 'J', 'Argentina', '🇦🇷', 'ARG', 'Algeria', '🇩🇿', 'ALG', '17 Jun', '01:00', NULL, NULL, 'scheduled', 'group', NULL, 'TIMED');
INSERT INTO matches (id, created_at, match_code, group_label, home_team, home_flag, home_abbr, away_team, away_flag, away_abbr, match_date, match_time, home_score, away_score, status, phase, qualifier, match_phase) VALUES ('987968bf-d812-461e-92d9-0fffff9e1e6d', '2026-06-15T18:59:53.140268+00:00', 'FD537398', 'J', 'Austria', '🇦🇹', 'AUT', 'Jordan', '🇯🇴', 'JOR', '17 Jun', '04:00', NULL, NULL, 'scheduled', 'group', NULL, 'TIMED');
INSERT INTO matches (id, created_at, match_code, group_label, home_team, home_flag, home_abbr, away_team, away_flag, away_abbr, match_date, match_time, home_score, away_score, status, phase, qualifier, match_phase) VALUES ('229b0a6a-3094-4955-b3e6-de71f5daa1af', '2026-06-15T18:59:53.140268+00:00', 'FD537403', 'K', 'Portugal', '🇵🇹', 'POR', 'Congo DR', '🇨🇩', 'COD', '17 Jun', '17:00', NULL, NULL, 'scheduled', 'group', NULL, 'TIMED');
INSERT INTO matches (id, created_at, match_code, group_label, home_team, home_flag, home_abbr, away_team, away_flag, away_abbr, match_date, match_time, home_score, away_score, status, phase, qualifier, match_phase) VALUES ('db9fcdf2-e4ed-488e-afed-d8cc8060384c', '2026-06-15T18:59:53.140268+00:00', 'FD537409', 'L', 'England', '🏴', 'ENG', 'Croatia', '🇭🇷', 'CRO', '17 Jun', '20:00', NULL, NULL, 'scheduled', 'group', NULL, 'TIMED');
INSERT INTO matches (id, created_at, match_code, group_label, home_team, home_flag, home_abbr, away_team, away_flag, away_abbr, match_date, match_time, home_score, away_score, status, phase, qualifier, match_phase) VALUES ('968cc5a5-54c0-4d06-b956-8daf4f088cfa', '2026-06-15T18:59:53.140268+00:00', 'FD537342', 'C', 'Scotland', '🏴', 'SCO', 'Morocco', '🇲🇦', 'MAR', '19 Jun', '22:00', NULL, NULL, 'open', 'group', NULL, 'TIMED');
INSERT INTO matches (id, created_at, match_code, group_label, home_team, home_flag, home_abbr, away_team, away_flag, away_abbr, match_date, match_time, home_score, away_score, status, phase, qualifier, match_phase) VALUES ('9d1716f0-49d9-47d1-91d8-5e608595d1de', '2026-06-15T18:59:53.140268+00:00', 'FD537341', 'C', 'Brazil', '🇧🇷', 'BRA', 'Haiti', '🇭🇹', 'HAI', '20 Jun', '00:30', NULL, NULL, 'open', 'group', NULL, 'TIMED');
INSERT INTO matches (id, created_at, match_code, group_label, home_team, home_flag, home_abbr, away_team, away_flag, away_abbr, match_date, match_time, home_score, away_score, status, phase, qualifier, match_phase) VALUES ('263c826f-cd0e-4248-b242-83fa46cef771', '2026-06-15T18:59:53.140268+00:00', 'FD537361', 'F', 'Tunisia', '🇹🇳', 'TUN', 'Netherlands', '🇳🇱', 'NED', '25 Jun', '23:00', NULL, NULL, 'open', 'group', NULL, 'TIMED');
INSERT INTO matches (id, created_at, match_code, group_label, home_team, home_flag, home_abbr, away_team, away_flag, away_abbr, match_date, match_time, home_score, away_score, status, phase, qualifier, match_phase) VALUES ('81e48f8d-6196-479e-919b-e81bb2b37831', '2026-06-15T18:59:53.140268+00:00', 'FD537423', NULL, 'A definir', '🏳️', 'UNK', 'A definir', '🏳️', 'UNK', '29 Jun', '17:00', NULL, NULL, 'open', 'last_32', NULL, 'TIMED');
INSERT INTO matches (id, created_at, match_code, group_label, home_team, home_flag, home_abbr, away_team, away_flag, away_abbr, match_date, match_time, home_score, away_score, status, phase, qualifier, match_phase) VALUES ('6219b9b5-8844-48cf-96a4-a046de4817d8', '2026-06-15T18:59:53.140268+00:00', 'FD537415', NULL, 'A definir', '🏳️', 'UNK', 'A definir', '🏳️', 'UNK', '29 Jun', '20:30', NULL, NULL, 'open', 'last_32', NULL, 'TIMED');
INSERT INTO matches (id, created_at, match_code, group_label, home_team, home_flag, home_abbr, away_team, away_flag, away_abbr, match_date, match_time, home_score, away_score, status, phase, qualifier, match_phase) VALUES ('6ef6631c-c1b7-4b2e-af1e-c8dfc1cc4769', '2026-06-15T18:59:53.140268+00:00', 'FD537418', NULL, 'A definir', '🏳️', 'UNK', 'A definir', '🏳️', 'UNK', '30 Jun', '01:00', NULL, NULL, 'open', 'last_32', NULL, 'TIMED');
INSERT INTO matches (id, created_at, match_code, group_label, home_team, home_flag, home_abbr, away_team, away_flag, away_abbr, match_date, match_time, home_score, away_score, status, phase, qualifier, match_phase) VALUES ('8565c264-adab-4778-b581-d90fa443f647', '2026-06-15T18:59:53.140268+00:00', 'FD537424', NULL, 'A definir', '🏳️', 'UNK', 'A definir', '🏳️', 'UNK', '30 Jun', '17:00', NULL, NULL, 'open', 'last_32', NULL, 'TIMED');
INSERT INTO matches (id, created_at, match_code, group_label, home_team, home_flag, home_abbr, away_team, away_flag, away_abbr, match_date, match_time, home_score, away_score, status, phase, qualifier, match_phase) VALUES ('376929ea-0b05-4ce3-b6af-fe8ef6d6be1d', '2026-06-15T18:59:53.140268+00:00', 'FD537410', 'L', 'Ghana', '🇬🇭', 'GHA', 'Panama', '🇵🇦', 'PAN', '17 Jun', '23:00', NULL, NULL, 'open', 'group', NULL, 'TIMED');
INSERT INTO matches (id, created_at, match_code, group_label, home_team, home_flag, home_abbr, away_team, away_flag, away_abbr, match_date, match_time, home_score, away_score, status, phase, qualifier, match_phase) VALUES ('f70413e1-c8ac-4c10-b5e3-01554db1ad3b', '2026-06-15T18:59:53.140268+00:00', 'FD537348', 'D', 'United States', '🇺🇸', 'USA', 'Australia', '🇦🇺', 'AUS', '19 Jun', '19:00', NULL, NULL, 'open', 'group', NULL, 'TIMED');
INSERT INTO matches (id, created_at, match_code, group_label, home_team, home_flag, home_abbr, away_team, away_flag, away_abbr, match_date, match_time, home_score, away_score, status, phase, qualifier, match_phase) VALUES ('d5c2f2ea-73bf-4153-b9a3-f89938f8dbf5', '2026-06-15T18:59:53.140268+00:00', 'FD537347', 'D', 'Turkey', '🇹🇷', 'TUR', 'Paraguay', '🇵🇾', 'PAR', '20 Jun', '03:00', NULL, NULL, 'open', 'group', NULL, 'TIMED');
INSERT INTO matches (id, created_at, match_code, group_label, home_team, home_flag, home_abbr, away_team, away_flag, away_abbr, match_date, match_time, home_score, away_score, status, phase, qualifier, match_phase) VALUES ('d4c6d46e-d3b5-439f-b282-95e6c6563554', '2026-06-15T18:59:53.140268+00:00', 'FD537359', 'F', 'Netherlands', '🇳🇱', 'NED', 'Sweden', '🇸🇪', 'SWE', '20 Jun', '17:00', NULL, NULL, 'open', 'group', NULL, 'TIMED');
INSERT INTO matches (id, created_at, match_code, group_label, home_team, home_flag, home_abbr, away_team, away_flag, away_abbr, match_date, match_time, home_score, away_score, status, phase, qualifier, match_phase) VALUES ('1259656d-07aa-4cee-be2c-16df6e335459', '2026-06-15T18:59:53.140268+00:00', 'FD537353', 'E', 'Germany', '🇩🇪', 'GER', 'Ivory Coast', '🇨🇮', 'CIV', '20 Jun', '20:00', NULL, NULL, 'open', 'group', NULL, 'TIMED');
INSERT INTO matches (id, created_at, match_code, group_label, home_team, home_flag, home_abbr, away_team, away_flag, away_abbr, match_date, match_time, home_score, away_score, status, phase, qualifier, match_phase) VALUES ('8ea113c1-488d-4dee-94ff-6551d06736ba', '2026-06-15T18:59:53.140268+00:00', 'FD537416', NULL, 'A definir', '🏳️', 'UNK', 'A definir', '🏳️', 'UNK', '30 Jun', '21:00', NULL, NULL, 'open', 'last_32', NULL, 'TIMED');
INSERT INTO matches (id, created_at, match_code, group_label, home_team, home_flag, home_abbr, away_team, away_flag, away_abbr, match_date, match_time, home_score, away_score, status, phase, qualifier, match_phase) VALUES ('37a97f9a-4c2d-4fa8-81be-9e7966012d96', '2026-06-15T18:59:53.140268+00:00', 'FD537425', NULL, 'A definir', '🏳️', 'UNK', 'A definir', '🏳️', 'UNK', '1 Jul', '01:00', NULL, NULL, 'open', 'last_32', NULL, 'TIMED');
INSERT INTO matches (id, created_at, match_code, group_label, home_team, home_flag, home_abbr, away_team, away_flag, away_abbr, match_date, match_time, home_score, away_score, status, phase, qualifier, match_phase) VALUES ('156e3186-de33-4f31-a3d2-04de749b534b', '2026-06-15T18:59:53.140268+00:00', 'FD537426', NULL, 'A definir', '🏳️', 'UNK', 'A definir', '🏳️', 'UNK', '1 Jul', '16:00', NULL, NULL, 'open', 'last_32', NULL, 'TIMED');
INSERT INTO matches (id, created_at, match_code, group_label, home_team, home_flag, home_abbr, away_team, away_flag, away_abbr, match_date, match_time, home_score, away_score, status, phase, qualifier, match_phase) VALUES ('7004cad5-39f1-4499-ae87-219a24398a7d', '2026-06-15T18:59:53.140268+00:00', 'FD537422', NULL, 'A definir', '🏳️', 'UNK', 'A definir', '🏳️', 'UNK', '1 Jul', '20:00', NULL, NULL, 'open', 'last_32', NULL, 'TIMED');
INSERT INTO matches (id, created_at, match_code, group_label, home_team, home_flag, home_abbr, away_team, away_flag, away_abbr, match_date, match_time, home_score, away_score, status, phase, qualifier, match_phase) VALUES ('9c6e8173-06e9-4e31-a497-b6d4dfd60f7c', '2026-06-15T18:59:53.140268+00:00', 'FD537421', NULL, 'A definir', '🏳️', 'UNK', 'A definir', '🏳️', 'UNK', '2 Jul', '00:00', NULL, NULL, 'open', 'last_32', NULL, 'TIMED');
INSERT INTO matches (id, created_at, match_code, group_label, home_team, home_flag, home_abbr, away_team, away_flag, away_abbr, match_date, match_time, home_score, away_score, status, phase, qualifier, match_phase) VALUES ('6c235426-cf80-4c22-9a9e-dfe645dd7e3a', '2026-06-15T18:59:53.140268+00:00', 'FD537386', NULL, 'A definir', '🏳️', 'UNK', 'A definir', '🏳️', 'UNK', '12 Jul', '01:00', NULL, NULL, 'open', 'qf', NULL, 'TIMED');
INSERT INTO matches (id, created_at, match_code, group_label, home_team, home_flag, home_abbr, away_team, away_flag, away_abbr, match_date, match_time, home_score, away_score, status, phase, qualifier, match_phase) VALUES ('695b6f0d-0c7e-4453-b557-ae5b117f5f81', '2026-06-15T18:59:53.140268+00:00', 'FD537387', NULL, 'A definir', '🏳️', 'UNK', 'A definir', '🏳️', 'UNK', '14 Jul', '19:00', NULL, NULL, 'open', 'sf', NULL, 'TIMED');
INSERT INTO matches (id, created_at, match_code, group_label, home_team, home_flag, home_abbr, away_team, away_flag, away_abbr, match_date, match_time, home_score, away_score, status, phase, qualifier, match_phase) VALUES ('e2660148-930f-4422-9b8a-af130b9d9c0e', '2026-06-15T18:59:53.140268+00:00', 'FD537404', 'K', 'Uzbekistan', '🇺🇿', 'UZB', 'Colombia', '🇨🇴', 'COL', '18 Jun', '02:00', NULL, NULL, 'open', 'group', NULL, 'TIMED');
INSERT INTO matches (id, created_at, match_code, group_label, home_team, home_flag, home_abbr, away_team, away_flag, away_abbr, match_date, match_time, home_score, away_score, status, phase, qualifier, match_phase) VALUES ('23a63645-c62a-4aa2-b90f-623bc5dc2c8c', '2026-06-15T18:59:53.140268+00:00', 'FD537329', 'A', 'Czechia', '🇨🇿', 'CZE', 'South Africa', '🇿🇦', 'RSA', '18 Jun', '16:00', NULL, NULL, 'open', 'group', NULL, 'TIMED');
INSERT INTO matches (id, created_at, match_code, group_label, home_team, home_flag, home_abbr, away_team, away_flag, away_abbr, match_date, match_time, home_score, away_score, status, phase, qualifier, match_phase) VALUES ('2fbcb3f6-d9a8-4ed6-83f2-bb5c45f4a9e6', '2026-06-15T18:59:53.140268+00:00', 'FD537335', 'B', 'Switzerland', '🇨🇭', 'SUI', 'Bosnia-Herzegovina', '🇧🇦', 'BIH', '18 Jun', '19:00', NULL, NULL, 'open', 'group', NULL, 'TIMED');
INSERT INTO matches (id, created_at, match_code, group_label, home_team, home_flag, home_abbr, away_team, away_flag, away_abbr, match_date, match_time, home_score, away_score, status, phase, qualifier, match_phase) VALUES ('f2c338ce-54a8-4f14-868a-314d6d9dc03a', '2026-06-15T18:59:53.140268+00:00', 'FD537336', 'B', 'Canada', '🇨🇦', 'CAN', 'Qatar', '🇶🇦', 'QAT', '18 Jun', '22:00', NULL, NULL, 'open', 'group', NULL, 'TIMED');
INSERT INTO matches (id, created_at, match_code, group_label, home_team, home_flag, home_abbr, away_team, away_flag, away_abbr, match_date, match_time, home_score, away_score, status, phase, qualifier, match_phase) VALUES ('576c6d28-1461-4871-a5de-d07789b89343', '2026-06-15T18:59:53.140268+00:00', 'FD537330', 'A', 'Mexico', '🇲🇽', 'MEX', 'South Korea', '🇰🇷', 'KOR', '19 Jun', '01:00', NULL, NULL, 'open', 'group', NULL, 'TIMED');
INSERT INTO matches (id, created_at, match_code, group_label, home_team, home_flag, home_abbr, away_team, away_flag, away_abbr, match_date, match_time, home_score, away_score, status, phase, qualifier, match_phase) VALUES ('37b8d2a2-1f9b-4f11-91b8-a83e955ba58c', '2026-06-15T18:59:53.140268+00:00', 'FD537365', 'G', 'Belgium', '🇧🇪', 'BEL', 'Iran', '🇮🇷', 'IRN', '21 Jun', '19:00', NULL, NULL, 'open', 'group', NULL, 'TIMED');
INSERT INTO matches (id, created_at, match_code, group_label, home_team, home_flag, home_abbr, away_team, away_flag, away_abbr, match_date, match_time, home_score, away_score, status, phase, qualifier, match_phase) VALUES ('18cfcc07-866c-411c-b8af-bf791b9d32e5', '2026-06-15T18:59:53.140268+00:00', 'FD537372', 'H', 'Uruguay', '🏳️', 'URY', 'Cape Verde Islands', '🇨🇻', 'CPV', '21 Jun', '22:00', NULL, NULL, 'open', 'group', NULL, 'TIMED');
INSERT INTO matches (id, created_at, match_code, group_label, home_team, home_flag, home_abbr, away_team, away_flag, away_abbr, match_date, match_time, home_score, away_score, status, phase, qualifier, match_phase) VALUES ('d2be49d5-11d4-40e3-9268-db99cb63b149', '2026-06-15T18:59:53.140268+00:00', 'FD537406', 'K', 'Colombia', '🇨🇴', 'COL', 'Congo DR', '🇨🇩', 'COD', '24 Jun', '02:00', NULL, NULL, 'open', 'group', NULL, 'TIMED');
INSERT INTO matches (id, created_at, match_code, group_label, home_team, home_flag, home_abbr, away_team, away_flag, away_abbr, match_date, match_time, home_score, away_score, status, phase, qualifier, match_phase) VALUES ('d5908017-9e0d-4297-8c3e-ebbbb5f7f697', '2026-06-15T18:59:53.140268+00:00', 'FD537379', NULL, 'A definir', '🏳️', 'UNK', 'A definir', '🏳️', 'UNK', '6 Jul', '19:00', NULL, NULL, 'open', 'last_16', NULL, 'TIMED');
INSERT INTO matches (id, created_at, match_code, group_label, home_team, home_flag, home_abbr, away_team, away_flag, away_abbr, match_date, match_time, home_score, away_score, status, phase, qualifier, match_phase) VALUES ('3cf20fd6-dab3-43de-91f4-cc2753e0d63e', '2026-06-15T18:59:53.140268+00:00', 'FD537380', NULL, 'A definir', '🏳️', 'UNK', 'A definir', '🏳️', 'UNK', '7 Jul', '00:00', NULL, NULL, 'open', 'last_16', NULL, 'TIMED');
INSERT INTO matches (id, created_at, match_code, group_label, home_team, home_flag, home_abbr, away_team, away_flag, away_abbr, match_date, match_time, home_score, away_score, status, phase, qualifier, match_phase) VALUES ('cf2dd2dd-e5ec-4680-9b0c-1d318ddd0420', '2026-06-15T18:59:53.140268+00:00', 'FD537381', NULL, 'A definir', '🏳️', 'UNK', 'A definir', '🏳️', 'UNK', '7 Jul', '16:00', NULL, NULL, 'open', 'last_16', NULL, 'TIMED');
INSERT INTO matches (id, created_at, match_code, group_label, home_team, home_flag, home_abbr, away_team, away_flag, away_abbr, match_date, match_time, home_score, away_score, status, phase, qualifier, match_phase) VALUES ('cbbd348c-b83d-4f1f-ba75-fe1ccc02aba9', '2026-06-15T18:59:53.140268+00:00', 'FD537382', NULL, 'A definir', '🏳️', 'UNK', 'A definir', '🏳️', 'UNK', '7 Jul', '20:00', NULL, NULL, 'open', 'last_16', NULL, 'TIMED');
INSERT INTO matches (id, created_at, match_code, group_label, home_team, home_flag, home_abbr, away_team, away_flag, away_abbr, match_date, match_time, home_score, away_score, status, phase, qualifier, match_phase) VALUES ('cf1c0ab5-f239-4f93-b4f7-f31ba40dfdda', '2026-06-15T18:59:53.140268+00:00', 'FD537383', NULL, 'A definir', '🏳️', 'UNK', 'A definir', '🏳️', 'UNK', '9 Jul', '20:00', NULL, NULL, 'open', 'qf', NULL, 'TIMED');
INSERT INTO matches (id, created_at, match_code, group_label, home_team, home_flag, home_abbr, away_team, away_flag, away_abbr, match_date, match_time, home_score, away_score, status, phase, qualifier, match_phase) VALUES ('3adc45c6-9ac1-4134-8dff-1b21da7e3d2b', '2026-06-15T18:59:53.140268+00:00', 'FD537384', NULL, 'A definir', '🏳️', 'UNK', 'A definir', '🏳️', 'UNK', '10 Jul', '19:00', NULL, NULL, 'open', 'qf', NULL, 'TIMED');
INSERT INTO matches (id, created_at, match_code, group_label, home_team, home_flag, home_abbr, away_team, away_flag, away_abbr, match_date, match_time, home_score, away_score, status, phase, qualifier, match_phase) VALUES ('830644f5-ee88-43db-ac6d-794d1c2bed74', '2026-06-15T18:59:53.140268+00:00', 'FD537385', NULL, 'A definir', '🏳️', 'UNK', 'A definir', '🏳️', 'UNK', '11 Jul', '21:00', NULL, NULL, 'open', 'qf', NULL, 'TIMED');
INSERT INTO matches (id, created_at, match_code, group_label, home_team, home_flag, home_abbr, away_team, away_flag, away_abbr, match_date, match_time, home_score, away_score, status, phase, qualifier, match_phase) VALUES ('d545d0d6-1257-4d03-a4a2-83e0c03a7eef', '2026-06-15T18:59:53.140268+00:00', 'FD537346', 'D', 'Australia', '🇦🇺', 'AUS', 'Turkey', '🇹🇷', 'TUR', '14 Jun', '04:00', '2', '0', 'finished', 'group', 'AUS', 'FINISHED');
INSERT INTO matches (id, created_at, match_code, group_label, home_team, home_flag, home_abbr, away_team, away_flag, away_abbr, match_date, match_time, home_score, away_score, status, phase, qualifier, match_phase) VALUES ('e3cdc36d-eb87-4141-a976-da74fe0aeaef', '2026-06-15T18:59:53.140268+00:00', 'FD537366', 'G', 'New Zealand', '🇳🇿', 'NZL', 'Egypt', '🇪🇬', 'EGY', '22 Jun', '01:00', NULL, NULL, 'open', 'group', NULL, 'TIMED');
INSERT INTO matches (id, created_at, match_code, group_label, home_team, home_flag, home_abbr, away_team, away_flag, away_abbr, match_date, match_time, home_score, away_score, status, phase, qualifier, match_phase) VALUES ('10f6f686-c821-40af-9de8-257560d31118', '2026-06-15T18:59:53.140268+00:00', 'FD537399', 'J', 'Argentina', '🇦🇷', 'ARG', 'Austria', '🇦🇹', 'AUT', '22 Jun', '17:00', NULL, NULL, 'open', 'group', NULL, 'TIMED');
INSERT INTO matches (id, created_at, match_code, group_label, home_team, home_flag, home_abbr, away_team, away_flag, away_abbr, match_date, match_time, home_score, away_score, status, phase, qualifier, match_phase) VALUES ('0b6261d1-945c-4182-943e-7b525417380a', '2026-06-15T18:59:53.140268+00:00', 'FD537393', 'I', 'France', '🇫🇷', 'FRA', 'Iraq', '🇮🇶', 'IRQ', '22 Jun', '21:00', NULL, NULL, 'open', 'group', NULL, 'TIMED');
INSERT INTO matches (id, created_at, match_code, group_label, home_team, home_flag, home_abbr, away_team, away_flag, away_abbr, match_date, match_time, home_score, away_score, status, phase, qualifier, match_phase) VALUES ('bb1c2fcf-2412-43e9-8c88-037e33f3ad5e', '2026-06-15T18:59:53.140268+00:00', 'FD537394', 'I', 'Norway', '🇳🇴', 'NOR', 'Senegal', '🇸🇳', 'SEN', '23 Jun', '00:00', NULL, NULL, 'open', 'group', NULL, 'TIMED');
INSERT INTO matches (id, created_at, match_code, group_label, home_team, home_flag, home_abbr, away_team, away_flag, away_abbr, match_date, match_time, home_score, away_score, status, phase, qualifier, match_phase) VALUES ('6e455943-240b-4fc3-9a27-7d45011009e0', '2026-06-15T18:59:53.140268+00:00', 'FD537400', 'J', 'Jordan', '🇯🇴', 'JOR', 'Algeria', '🇩🇿', 'ALG', '23 Jun', '03:00', NULL, NULL, 'open', 'group', NULL, 'TIMED');
INSERT INTO matches (id, created_at, match_code, group_label, home_team, home_flag, home_abbr, away_team, away_flag, away_abbr, match_date, match_time, home_score, away_score, status, phase, qualifier, match_phase) VALUES ('b14592fe-2c43-452c-9727-a8a480a64cb9', '2026-06-15T18:59:53.140268+00:00', 'FD537405', 'K', 'Portugal', '🇵🇹', 'POR', 'Uzbekistan', '🇺🇿', 'UZB', '23 Jun', '17:00', NULL, NULL, 'open', 'group', NULL, 'TIMED');
INSERT INTO matches (id, created_at, match_code, group_label, home_team, home_flag, home_abbr, away_team, away_flag, away_abbr, match_date, match_time, home_score, away_score, status, phase, qualifier, match_phase) VALUES ('37439518-771e-4419-a38c-27f76da844c8', '2026-06-15T18:59:53.140268+00:00', 'FD537411', 'L', 'England', '🏴', 'ENG', 'Ghana', '🇬🇭', 'GHA', '23 Jun', '20:00', NULL, NULL, 'open', 'group', NULL, 'TIMED');
INSERT INTO matches (id, created_at, match_code, group_label, home_team, home_flag, home_abbr, away_team, away_flag, away_abbr, match_date, match_time, home_score, away_score, status, phase, qualifier, match_phase) VALUES ('2aebeebc-6f69-4b74-b558-f0772489955f', '2026-06-15T18:59:53.140268+00:00', 'FD537412', 'L', 'Panama', '🇵🇦', 'PAN', 'Croatia', '🇭🇷', 'CRO', '23 Jun', '23:00', NULL, NULL, 'open', 'group', NULL, 'TIMED');
INSERT INTO matches (id, created_at, match_code, group_label, home_team, home_flag, home_abbr, away_team, away_flag, away_abbr, match_date, match_time, home_score, away_score, status, phase, qualifier, match_phase) VALUES ('3f641066-e293-441c-b5d5-d9c551999e5d', '2026-06-15T18:59:53.140268+00:00', 'FD537362', 'F', 'Japan', '🇯🇵', 'JPN', 'Sweden', '🇸🇪', 'SWE', '25 Jun', '23:00', NULL, NULL, 'open', 'group', NULL, 'TIMED');
INSERT INTO matches (id, created_at, match_code, group_label, home_team, home_flag, home_abbr, away_team, away_flag, away_abbr, match_date, match_time, home_score, away_score, status, phase, qualifier, match_phase) VALUES ('2bb76cf1-81de-4725-a7d1-9fd01c408648', '2026-06-15T18:59:53.140268+00:00', 'FD537388', NULL, 'A definir', '🏳️', 'UNK', 'A definir', '🏳️', 'UNK', '15 Jul', '19:00', NULL, NULL, 'open', 'sf', NULL, 'TIMED');
INSERT INTO matches (id, created_at, match_code, group_label, home_team, home_flag, home_abbr, away_team, away_flag, away_abbr, match_date, match_time, home_score, away_score, status, phase, qualifier, match_phase) VALUES ('9579df8b-e813-4afd-af70-fa5b3c39199c', '2026-06-15T18:59:53.140268+00:00', 'FD537389', NULL, 'A definir', '🏳️', 'UNK', 'A definir', '🏳️', 'UNK', '18 Jul', '21:00', NULL, NULL, 'open', 'third', NULL, 'TIMED');
INSERT INTO matches (id, created_at, match_code, group_label, home_team, home_flag, home_abbr, away_team, away_flag, away_abbr, match_date, match_time, home_score, away_score, status, phase, qualifier, match_phase) VALUES ('3b1e2dd7-1c95-4cae-b2fe-a09909108f9b', '2026-06-15T18:59:53.140268+00:00', 'FD537327', 'A', 'Mexico', '🇲🇽', 'MEX', 'South Africa', '🇿🇦', 'RSA', '11 Jun', '19:00', '2', '0', 'locked', 'group', 'MEX', 'FINISHED');
INSERT INTO matches (id, created_at, match_code, group_label, home_team, home_flag, home_abbr, away_team, away_flag, away_abbr, match_date, match_time, home_score, away_score, status, phase, qualifier, match_phase) VALUES ('c477201a-d3a6-4c51-922c-c96b2c64e028', '2026-06-15T18:59:53.140268+00:00', 'FD537345', 'D', 'United States', '🇺🇸', 'USA', 'Paraguay', '🇵🇾', 'PAR', '13 Jun', '01:00', '4', '1', 'locked', 'group', 'USA', 'FINISHED');
INSERT INTO matches (id, created_at, match_code, group_label, home_team, home_flag, home_abbr, away_team, away_flag, away_abbr, match_date, match_time, home_score, away_score, status, phase, qualifier, match_phase) VALUES ('3a2cc8b6-8570-4d6c-8a58-6e926e72e0f4', '2026-06-15T18:59:53.140268+00:00', 'FD537334', 'B', 'Qatar', '🇶🇦', 'QAT', 'Switzerland', '🇨🇭', 'SUI', '13 Jun', '19:00', '1', '1', 'locked', 'group', 'DRAW', 'FINISHED');
INSERT INTO matches (id, created_at, match_code, group_label, home_team, home_flag, home_abbr, away_team, away_flag, away_abbr, match_date, match_time, home_score, away_score, status, phase, qualifier, match_phase) VALUES ('ba933662-9e19-4686-9bb9-05e84da22ffc', '2026-06-15T18:59:53.140268+00:00', 'FD537339', 'C', 'Brazil', '🇧🇷', 'BRA', 'Morocco', '🇲🇦', 'MAR', '13 Jun', '22:00', '1', '1', 'locked', 'group', 'DRAW', 'FINISHED');
INSERT INTO matches (id, created_at, match_code, group_label, home_team, home_flag, home_abbr, away_team, away_flag, away_abbr, match_date, match_time, home_score, away_score, status, phase, qualifier, match_phase) VALUES ('b7e9dcbd-93e8-4e99-8945-7be33f89188a', '2026-06-15T18:59:53.140268+00:00', 'FD537333', 'B', 'Canada', '🇨🇦', 'CAN', 'Bosnia-Herzegovina', '🇧🇦', 'BIH', '12 Jun', '19:00', '1', '1', 'locked', 'group', 'DRAW', 'FINISHED');
INSERT INTO matches (id, created_at, match_code, group_label, home_team, home_flag, home_abbr, away_team, away_flag, away_abbr, match_date, match_time, home_score, away_score, status, phase, qualifier, match_phase) VALUES ('3e5f29b2-3836-4621-af3a-d6469a3e476c', '2026-06-15T18:59:53.140268+00:00', 'FD537354', 'E', 'Ecuador', '🇪🇨', 'ECU', 'Curaçao', '🇨🇼', 'CUW', '21 Jun', '00:00', NULL, NULL, 'open', 'group', NULL, 'TIMED');
INSERT INTO matches (id, created_at, match_code, group_label, home_team, home_flag, home_abbr, away_team, away_flag, away_abbr, match_date, match_time, home_score, away_score, status, phase, qualifier, match_phase) VALUES ('586d7e00-59ed-4bc0-a7c6-a56fbbb687b4', '2026-06-15T18:59:53.140268+00:00', 'FD537360', 'F', 'Tunisia', '🇹🇳', 'TUN', 'Japan', '🇯🇵', 'JPN', '21 Jun', '04:00', NULL, NULL, 'open', 'group', NULL, 'TIMED');
INSERT INTO matches (id, created_at, match_code, group_label, home_team, home_flag, home_abbr, away_team, away_flag, away_abbr, match_date, match_time, home_score, away_score, status, phase, qualifier, match_phase) VALUES ('8b2bca04-6a4d-4438-9ebe-ffc1942faaac', '2026-06-15T18:59:53.140268+00:00', 'FD537371', 'H', 'Spain', '🇪🇸', 'ESP', 'Saudi Arabia', '🇸🇦', 'KSA', '21 Jun', '16:00', NULL, NULL, 'open', 'group', NULL, 'TIMED');
INSERT INTO matches (id, created_at, match_code, group_label, home_team, home_flag, home_abbr, away_team, away_flag, away_abbr, match_date, match_time, home_score, away_score, status, phase, qualifier, match_phase) VALUES ('e33caaf3-a766-4e47-be2c-746cc37176d4', '2026-06-15T18:59:53.140268+00:00', 'FD537390', NULL, 'A definir', '🏳️', 'UNK', 'A definir', '🏳️', 'UNK', '19 Jul', '19:00', NULL, NULL, 'open', 'final', NULL, 'TIMED');
INSERT INTO matches (id, created_at, match_code, group_label, home_team, home_flag, home_abbr, away_team, away_flag, away_abbr, match_date, match_time, home_score, away_score, status, phase, qualifier, match_phase) VALUES ('9f77c5ae-d4b2-4c6c-bd94-0db8fcd08017', '2026-06-15T18:59:53.140268+00:00', 'FD537349', 'D', 'Turkey', '🇹🇷', 'TUR', 'United States', '🇺🇸', 'USA', '26 Jun', '02:00', NULL, NULL, 'open', 'group', NULL, 'TIMED');
INSERT INTO matches (id, created_at, match_code, group_label, home_team, home_flag, home_abbr, away_team, away_flag, away_abbr, match_date, match_time, home_score, away_score, status, phase, qualifier, match_phase) VALUES ('f5378c7a-a3c2-4a79-8fa0-c1c4a46493cc', '2026-06-15T18:59:53.140268+00:00', 'FD537350', 'D', 'Paraguay', '🇵🇾', 'PAR', 'Australia', '🇦🇺', 'AUS', '26 Jun', '02:00', NULL, NULL, 'open', 'group', NULL, 'TIMED');
INSERT INTO matches (id, created_at, match_code, group_label, home_team, home_flag, home_abbr, away_team, away_flag, away_abbr, match_date, match_time, home_score, away_score, status, phase, qualifier, match_phase) VALUES ('eb858c94-a400-4164-a0af-55d6ae47e0f9', '2026-06-15T18:59:53.140268+00:00', 'FD537328', 'A', 'South Korea', '🇰🇷', 'KOR', 'Czechia', '🇨🇿', 'CZE', '12 Jun', '02:00', '2', '1', 'locked', 'group', 'KOR', 'FINISHED');
INSERT INTO matches (id, created_at, match_code, group_label, home_team, home_flag, home_abbr, away_team, away_flag, away_abbr, match_date, match_time, home_score, away_score, status, phase, qualifier, match_phase) VALUES ('dc38a6ab-218c-4a2c-9bea-3bd7f2a7b36f', '2026-06-15T18:59:53.140268+00:00', 'FD537420', NULL, 'A definir', '🏳️', 'UNK', 'A definir', '🏳️', 'UNK', '2 Jul', '19:00', NULL, NULL, 'open', 'last_32', NULL, 'TIMED');
INSERT INTO matches (id, created_at, match_code, group_label, home_team, home_flag, home_abbr, away_team, away_flag, away_abbr, match_date, match_time, home_score, away_score, status, phase, qualifier, match_phase) VALUES ('efb82ba5-7627-4783-a52d-ec294eb7748c', '2026-06-15T18:59:53.140268+00:00', 'FD537419', NULL, 'A definir', '🏳️', 'UNK', 'A definir', '🏳️', 'UNK', '2 Jul', '23:00', NULL, NULL, 'open', 'last_32', NULL, 'TIMED');
INSERT INTO matches (id, created_at, match_code, group_label, home_team, home_flag, home_abbr, away_team, away_flag, away_abbr, match_date, match_time, home_score, away_score, status, phase, qualifier, match_phase) VALUES ('cfc4190b-688c-435c-a97f-cff323690f78', '2026-06-15T18:59:53.140268+00:00', 'FD537429', NULL, 'A definir', '🏳️', 'UNK', 'A definir', '🏳️', 'UNK', '3 Jul', '03:00', NULL, NULL, 'open', 'last_32', NULL, 'TIMED');
INSERT INTO matches (id, created_at, match_code, group_label, home_team, home_flag, home_abbr, away_team, away_flag, away_abbr, match_date, match_time, home_score, away_score, status, phase, qualifier, match_phase) VALUES ('4eb77e4e-66c8-462b-a77b-d9451743cb77', '2026-06-15T18:59:53.140268+00:00', 'FD537428', NULL, 'A definir', '🏳️', 'UNK', 'A definir', '🏳️', 'UNK', '3 Jul', '18:00', NULL, NULL, 'open', 'last_32', NULL, 'TIMED');
INSERT INTO matches (id, created_at, match_code, group_label, home_team, home_flag, home_abbr, away_team, away_flag, away_abbr, match_date, match_time, home_score, away_score, status, phase, qualifier, match_phase) VALUES ('fa8cdd92-ef65-4321-a790-270c08b1e34b', '2026-06-15T18:59:53.140268+00:00', 'FD537427', NULL, 'A definir', '🏳️', 'UNK', 'A definir', '🏳️', 'UNK', '3 Jul', '22:00', NULL, NULL, 'open', 'last_32', NULL, 'TIMED');
INSERT INTO matches (id, created_at, match_code, group_label, home_team, home_flag, home_abbr, away_team, away_flag, away_abbr, match_date, match_time, home_score, away_score, status, phase, qualifier, match_phase) VALUES ('c5e11df0-2770-4ab4-a5c5-9d85e64da7f2', '2026-06-15T18:59:53.140268+00:00', 'FD537430', NULL, 'A definir', '🏳️', 'UNK', 'A definir', '🏳️', 'UNK', '4 Jul', '01:30', NULL, NULL, 'open', 'last_32', NULL, 'TIMED');
INSERT INTO matches (id, created_at, match_code, group_label, home_team, home_flag, home_abbr, away_team, away_flag, away_abbr, match_date, match_time, home_score, away_score, status, phase, qualifier, match_phase) VALUES ('dbbf36a4-dc66-4962-9fb3-dbf7f28da41c', '2026-06-15T18:59:53.140268+00:00', 'FD537376', NULL, 'A definir', '🏳️', 'UNK', 'A definir', '🏳️', 'UNK', '4 Jul', '17:00', NULL, NULL, 'open', 'last_16', NULL, 'TIMED');
INSERT INTO matches (id, created_at, match_code, group_label, home_team, home_flag, home_abbr, away_team, away_flag, away_abbr, match_date, match_time, home_score, away_score, status, phase, qualifier, match_phase) VALUES ('1803e770-9bf8-48cf-83ee-8ab465bb88bf', '2026-06-15T18:59:53.140268+00:00', 'FD537375', NULL, 'A definir', '🏳️', 'UNK', 'A definir', '🏳️', 'UNK', '4 Jul', '21:00', NULL, NULL, 'open', 'last_16', NULL, 'TIMED');
INSERT INTO matches (id, created_at, match_code, group_label, home_team, home_flag, home_abbr, away_team, away_flag, away_abbr, match_date, match_time, home_score, away_score, status, phase, qualifier, match_phase) VALUES ('0023459c-3422-4757-92b6-fc394ce633ee', '2026-06-15T18:59:53.140268+00:00', 'FD537377', NULL, 'A definir', '🏳️', 'UNK', 'A definir', '🏳️', 'UNK', '5 Jul', '20:00', NULL, NULL, 'open', 'last_16', NULL, 'TIMED');
INSERT INTO matches (id, created_at, match_code, group_label, home_team, home_flag, home_abbr, away_team, away_flag, away_abbr, match_date, match_time, home_score, away_score, status, phase, qualifier, match_phase) VALUES ('4cb746fa-9e8d-4df5-acdb-c87bb263a589', '2026-06-15T18:59:53.140268+00:00', 'FD537378', NULL, 'A definir', '🏳️', 'UNK', 'A definir', '🏳️', 'UNK', '6 Jul', '00:00', NULL, NULL, 'open', 'last_16', NULL, 'TIMED');
INSERT INTO matches (id, created_at, match_code, group_label, home_team, home_flag, home_abbr, away_team, away_flag, away_abbr, match_date, match_time, home_score, away_score, status, phase, qualifier, match_phase) VALUES ('3711346a-0f28-451d-bb3a-20a54a7ad972', '2026-06-15T18:59:53.140268+00:00', 'FD537363', 'G', 'Belgium', '🇧🇪', 'BEL', 'Egypt', '🇪🇬', 'EGY', '15 Jun', '19:00', '0', '0', 'open', 'group', NULL, 'IN_PLAY');
INSERT INTO matches (id, created_at, match_code, group_label, home_team, home_flag, home_abbr, away_team, away_flag, away_abbr, match_date, match_time, home_score, away_score, status, phase, qualifier, match_phase) VALUES ('177997dd-10c1-49c7-bef1-f4cc0aea0095', '2026-06-15T18:59:53.140268+00:00', 'FD537337', 'B', 'Switzerland', '🇨🇭', 'SUI', 'Canada', '🇨🇦', 'CAN', '24 Jun', '19:00', NULL, NULL, 'open', 'group', NULL, 'TIMED');
INSERT INTO matches (id, created_at, match_code, group_label, home_team, home_flag, home_abbr, away_team, away_flag, away_abbr, match_date, match_time, home_score, away_score, status, phase, qualifier, match_phase) VALUES ('f39c3d84-e0a3-44ae-9780-811407c74e2e', '2026-06-15T18:59:53.140268+00:00', 'FD537338', 'B', 'Bosnia-Herzegovina', '🇧🇦', 'BIH', 'Qatar', '🇶🇦', 'QAT', '24 Jun', '19:00', NULL, NULL, 'open', 'group', NULL, 'TIMED');
INSERT INTO matches (id, created_at, match_code, group_label, home_team, home_flag, home_abbr, away_team, away_flag, away_abbr, match_date, match_time, home_score, away_score, status, phase, qualifier, match_phase) VALUES ('4d0ebe1d-933a-4062-8d93-0cea6517330e', '2026-06-15T18:59:53.140268+00:00', 'FD537344', 'C', 'Morocco', '🇲🇦', 'MAR', 'Haiti', '🇭🇹', 'HAI', '24 Jun', '22:00', NULL, NULL, 'open', 'group', NULL, 'TIMED');
INSERT INTO matches (id, created_at, match_code, group_label, home_team, home_flag, home_abbr, away_team, away_flag, away_abbr, match_date, match_time, home_score, away_score, status, phase, qualifier, match_phase) VALUES ('1aa7433a-ae83-41cf-bc79-0cfe5679c75f', '2026-06-15T18:59:53.140268+00:00', 'FD537340', 'C', 'Haiti', '🇭🇹', 'HAI', 'Scotland', '🏴', 'SCO', '14 Jun', '01:00', '0', '1', 'locked', 'group', 'SCO', 'FINISHED');
INSERT INTO matches (id, created_at, match_code, group_label, home_team, home_flag, home_abbr, away_team, away_flag, away_abbr, match_date, match_time, home_score, away_score, status, phase, qualifier, match_phase) VALUES ('86d17cb2-c2d4-458d-9a6a-13d47e8387e4', '2026-06-15T18:59:53.140268+00:00', 'FD537351', 'E', 'Germany', '🇩🇪', 'GER', 'Curaçao', '🇨🇼', 'CUW', '14 Jun', '17:00', '7', '1', 'locked', 'group', 'GER', 'FINISHED');
INSERT INTO matches (id, created_at, match_code, group_label, home_team, home_flag, home_abbr, away_team, away_flag, away_abbr, match_date, match_time, home_score, away_score, status, phase, qualifier, match_phase) VALUES ('062f20eb-b01a-4893-af0d-6c60bc512cf9', '2026-06-15T18:59:53.140268+00:00', 'FD537357', 'F', 'Netherlands', '🇳🇱', 'NED', 'Japan', '🇯🇵', 'JPN', '14 Jun', '20:00', '2', '2', 'locked', 'group', 'DRAW', 'FINISHED');
INSERT INTO matches (id, created_at, match_code, group_label, home_team, home_flag, home_abbr, away_team, away_flag, away_abbr, match_date, match_time, home_score, away_score, status, phase, qualifier, match_phase) VALUES ('b447fdc3-e9eb-414d-8169-f59f6bbf7565', '2026-06-15T18:59:53.140268+00:00', 'FD537352', 'E', 'Ivory Coast', '🇨🇮', 'CIV', 'Ecuador', '🇪🇨', 'ECU', '14 Jun', '23:00', '1', '0', 'locked', 'group', 'CIV', 'FINISHED');
INSERT INTO matches (id, created_at, match_code, group_label, home_team, home_flag, home_abbr, away_team, away_flag, away_abbr, match_date, match_time, home_score, away_score, status, phase, qualifier, match_phase) VALUES ('85c610ae-375c-4580-8172-2a9bbe58e1b8', '2026-06-15T18:59:53.140268+00:00', 'FD537358', 'F', 'Sweden', '🇸🇪', 'SWE', 'Tunisia', '🇹🇳', 'TUN', '15 Jun', '02:00', '5', '1', 'locked', 'group', 'SWE', 'FINISHED');
INSERT INTO matches (id, created_at, match_code, group_label, home_team, home_flag, home_abbr, away_team, away_flag, away_abbr, match_date, match_time, home_score, away_score, status, phase, qualifier, match_phase) VALUES ('184572b0-8a5e-47ed-8024-2fdb6bea994d', '2026-06-15T18:59:53.140268+00:00', 'FD537369', 'H', 'Spain', '🇪🇸', 'ESP', 'Cape Verde Islands', '🇨🇻', 'CPV', '15 Jun', '16:00', '0', '0', 'locked', 'group', 'DRAW', 'FINISHED');
INSERT INTO matches (id, created_at, match_code, group_label, home_team, home_flag, home_abbr, away_team, away_flag, away_abbr, match_date, match_time, home_score, away_score, status, phase, qualifier, match_phase) VALUES ('2b7d91fb-5b5a-4a20-b78e-5b62b2d458ac', '2026-06-15T18:59:53.140268+00:00', 'FD537370', 'H', 'Saudi Arabia', '🇸🇦', 'KSA', 'Uruguay', '🏳️', 'URY', '15 Jun', '22:00', NULL, NULL, 'open', 'group', NULL, 'TIMED');
INSERT INTO matches (id, created_at, match_code, group_label, home_team, home_flag, home_abbr, away_team, away_flag, away_abbr, match_date, match_time, home_score, away_score, status, phase, qualifier, match_phase) VALUES ('9fa4e3c7-8ce8-4f6e-b51c-991baec82918', '2026-06-15T18:59:53.140268+00:00', 'FD537364', 'G', 'Iran', '🇮🇷', 'IRN', 'New Zealand', '🇳🇿', 'NZL', '16 Jun', '01:00', NULL, NULL, 'open', 'group', NULL, 'TIMED');
INSERT INTO matches (id, created_at, match_code, group_label, home_team, home_flag, home_abbr, away_team, away_flag, away_abbr, match_date, match_time, home_score, away_score, status, phase, qualifier, match_phase) VALUES ('15b5720e-b715-4379-a24d-3cbbd3f4f29d', '2026-06-15T18:59:53.140268+00:00', 'FD537391', 'I', 'France', '🇫🇷', 'FRA', 'Senegal', '🇸🇳', 'SEN', '16 Jun', '19:00', NULL, NULL, 'open', 'group', NULL, 'TIMED');
INSERT INTO matches (id, created_at, match_code, group_label, home_team, home_flag, home_abbr, away_team, away_flag, away_abbr, match_date, match_time, home_score, away_score, status, phase, qualifier, match_phase) VALUES ('0850a264-e1f7-47a6-b13e-68a732743996', '2026-06-15T18:59:53.140268+00:00', 'FD537343', 'C', 'Scotland', '🏴', 'SCO', 'Brazil', '🇧🇷', 'BRA', '24 Jun', '22:00', NULL, NULL, 'open', 'group', NULL, 'TIMED');
INSERT INTO matches (id, created_at, match_code, group_label, home_team, home_flag, home_abbr, away_team, away_flag, away_abbr, match_date, match_time, home_score, away_score, status, phase, qualifier, match_phase) VALUES ('b690bc2c-24d3-4414-b24c-fc5ba4acfc07', '2026-06-15T18:59:53.140268+00:00', 'FD537331', 'A', 'Czechia', '🇨🇿', 'CZE', 'Mexico', '🇲🇽', 'MEX', '25 Jun', '01:00', NULL, NULL, 'open', 'group', NULL, 'TIMED');
INSERT INTO matches (id, created_at, match_code, group_label, home_team, home_flag, home_abbr, away_team, away_flag, away_abbr, match_date, match_time, home_score, away_score, status, phase, qualifier, match_phase) VALUES ('78fcaeb2-8915-4dd1-a6f2-6efc283a0cb5', '2026-06-15T18:59:53.140268+00:00', 'FD537332', 'A', 'South Africa', '🇿🇦', 'RSA', 'South Korea', '🇰🇷', 'KOR', '25 Jun', '01:00', NULL, NULL, 'open', 'group', NULL, 'TIMED');
INSERT INTO matches (id, created_at, match_code, group_label, home_team, home_flag, home_abbr, away_team, away_flag, away_abbr, match_date, match_time, home_score, away_score, status, phase, qualifier, match_phase) VALUES ('5b262860-c67f-497c-a5e5-b2e9910c13ef', '2026-06-15T18:59:53.140268+00:00', 'FD537355', 'E', 'Ecuador', '🇪🇨', 'ECU', 'Germany', '🇩🇪', 'GER', '25 Jun', '20:00', NULL, NULL, 'open', 'group', NULL, 'TIMED');
INSERT INTO matches (id, created_at, match_code, group_label, home_team, home_flag, home_abbr, away_team, away_flag, away_abbr, match_date, match_time, home_score, away_score, status, phase, qualifier, match_phase) VALUES ('46791196-7307-4acc-9951-4756325a8414', '2026-06-15T18:59:53.140268+00:00', 'FD537356', 'E', 'Curaçao', '🇨🇼', 'CUW', 'Ivory Coast', '🇨🇮', 'CIV', '25 Jun', '20:00', NULL, NULL, 'open', 'group', NULL, 'TIMED');
INSERT INTO matches (id, created_at, match_code, group_label, home_team, home_flag, home_abbr, away_team, away_flag, away_abbr, match_date, match_time, home_score, away_score, status, phase, qualifier, match_phase) VALUES ('c69fde92-b29b-429d-b7b1-dbd1dabe7183', '2026-06-15T18:59:53.140268+00:00', 'FD537395', 'I', 'Norway', '🇳🇴', 'NOR', 'France', '🇫🇷', 'FRA', '26 Jun', '19:00', NULL, NULL, 'open', 'group', NULL, 'TIMED');
INSERT INTO matches (id, created_at, match_code, group_label, home_team, home_flag, home_abbr, away_team, away_flag, away_abbr, match_date, match_time, home_score, away_score, status, phase, qualifier, match_phase) VALUES ('20b544a4-0b96-4e1c-b4eb-2159b95345b6', '2026-06-15T18:59:53.140268+00:00', 'FD537396', 'I', 'Senegal', '🇸🇳', 'SEN', 'Iraq', '🇮🇶', 'IRQ', '26 Jun', '19:00', NULL, NULL, 'open', 'group', NULL, 'TIMED');
INSERT INTO matches (id, created_at, match_code, group_label, home_team, home_flag, home_abbr, away_team, away_flag, away_abbr, match_date, match_time, home_score, away_score, status, phase, qualifier, match_phase) VALUES ('00743d64-f268-4695-9c0b-863ae4610834', '2026-06-15T18:59:53.140268+00:00', 'FD537373', 'H', 'Uruguay', '🏳️', 'URY', 'Spain', '🇪🇸', 'ESP', '27 Jun', '00:00', NULL, NULL, 'open', 'group', NULL, 'TIMED');
INSERT INTO matches (id, created_at, match_code, group_label, home_team, home_flag, home_abbr, away_team, away_flag, away_abbr, match_date, match_time, home_score, away_score, status, phase, qualifier, match_phase) VALUES ('2a313f61-76b0-4f8d-8e47-80f9cb249a47', '2026-06-15T18:59:53.140268+00:00', 'FD537374', 'H', 'Cape Verde Islands', '🇨🇻', 'CPV', 'Saudi Arabia', '🇸🇦', 'KSA', '27 Jun', '00:00', NULL, NULL, 'open', 'group', NULL, 'TIMED');
INSERT INTO matches (id, created_at, match_code, group_label, home_team, home_flag, home_abbr, away_team, away_flag, away_abbr, match_date, match_time, home_score, away_score, status, phase, qualifier, match_phase) VALUES ('e2f48502-9d49-46cc-a0b6-1eee40e790e8', '2026-06-15T18:59:53.140268+00:00', 'FD537367', 'G', 'New Zealand', '🇳🇿', 'NZL', 'Belgium', '🇧🇪', 'BEL', '27 Jun', '03:00', NULL, NULL, 'open', 'group', NULL, 'TIMED');
INSERT INTO matches (id, created_at, match_code, group_label, home_team, home_flag, home_abbr, away_team, away_flag, away_abbr, match_date, match_time, home_score, away_score, status, phase, qualifier, match_phase) VALUES ('756a2c46-5bff-4688-81ba-539154dc91c3', '2026-06-15T18:59:53.140268+00:00', 'FD537368', 'G', 'Egypt', '🇪🇬', 'EGY', 'Iran', '🇮🇷', 'IRN', '27 Jun', '03:00', NULL, NULL, 'open', 'group', NULL, 'TIMED');
INSERT INTO matches (id, created_at, match_code, group_label, home_team, home_flag, home_abbr, away_team, away_flag, away_abbr, match_date, match_time, home_score, away_score, status, phase, qualifier, match_phase) VALUES ('20a6fbdd-9927-4276-86cc-ba95ba44df8d', '2026-06-15T18:59:53.140268+00:00', 'FD537413', 'L', 'Panama', '🇵🇦', 'PAN', 'England', '🏴', 'ENG', '27 Jun', '21:00', NULL, NULL, 'open', 'group', NULL, 'TIMED');
INSERT INTO matches (id, created_at, match_code, group_label, home_team, home_flag, home_abbr, away_team, away_flag, away_abbr, match_date, match_time, home_score, away_score, status, phase, qualifier, match_phase) VALUES ('3344915d-b461-4bec-9fbf-3935fbd4e0d3', '2026-06-15T18:59:53.140268+00:00', 'FD537414', 'L', 'Croatia', '🇭🇷', 'CRO', 'Ghana', '🇬🇭', 'GHA', '27 Jun', '21:00', NULL, NULL, 'open', 'group', NULL, 'TIMED');
INSERT INTO matches (id, created_at, match_code, group_label, home_team, home_flag, home_abbr, away_team, away_flag, away_abbr, match_date, match_time, home_score, away_score, status, phase, qualifier, match_phase) VALUES ('cef805a0-665b-4b03-9dcc-b02f320827ec', '2026-06-15T18:59:53.140268+00:00', 'FD537407', 'K', 'Colombia', '🇨🇴', 'COL', 'Portugal', '🇵🇹', 'POR', '27 Jun', '23:30', NULL, NULL, 'open', 'group', NULL, 'TIMED');
INSERT INTO matches (id, created_at, match_code, group_label, home_team, home_flag, home_abbr, away_team, away_flag, away_abbr, match_date, match_time, home_score, away_score, status, phase, qualifier, match_phase) VALUES ('5c8fe74b-21e2-48e3-8885-6f0b7409748b', '2026-06-15T18:59:53.140268+00:00', 'FD537408', 'K', 'Congo DR', '🇨🇩', 'COD', 'Uzbekistan', '🇺🇿', 'UZB', '27 Jun', '23:30', NULL, NULL, 'open', 'group', NULL, 'TIMED');
INSERT INTO matches (id, created_at, match_code, group_label, home_team, home_flag, home_abbr, away_team, away_flag, away_abbr, match_date, match_time, home_score, away_score, status, phase, qualifier, match_phase) VALUES ('5509b611-cc4c-41b6-b7ed-9f15473976cb', '2026-06-15T18:59:53.140268+00:00', 'FD537401', 'J', 'Jordan', '🇯🇴', 'JOR', 'Argentina', '🇦🇷', 'ARG', '28 Jun', '02:00', NULL, NULL, 'open', 'group', NULL, 'TIMED');
INSERT INTO matches (id, created_at, match_code, group_label, home_team, home_flag, home_abbr, away_team, away_flag, away_abbr, match_date, match_time, home_score, away_score, status, phase, qualifier, match_phase) VALUES ('d4a3a442-6ab7-443c-bb9a-c2ba511fc5e0', '2026-06-15T18:59:53.140268+00:00', 'FD537402', 'J', 'Algeria', '🇩🇿', 'ALG', 'Austria', '🇦🇹', 'AUT', '28 Jun', '02:00', NULL, NULL, 'open', 'group', NULL, 'TIMED');
INSERT INTO matches (id, created_at, match_code, group_label, home_team, home_flag, home_abbr, away_team, away_flag, away_abbr, match_date, match_time, home_score, away_score, status, phase, qualifier, match_phase) VALUES ('41c79d1c-d51d-4691-968b-07c8beda189f', '2026-06-15T18:59:53.140268+00:00', 'FD537417', NULL, 'A definir', '🏳️', 'UNK', 'A definir', '🏳️', 'UNK', '28 Jun', '19:00', NULL, NULL, 'open', 'last_32', NULL, 'TIMED');

-- Tabela: group_bets
DELETE FROM group_bets;

INSERT INTO group_bets (id, room_id, user_id, group_label, first_team, second_team, third_team, points_earned, created_at, updated_at) VALUES ('fc5a110f-117f-41b2-a731-61d24bf4c556', '9ff679bf-2c41-48e7-8010-a7402b639baf', 'c393da75-c241-4b53-b091-50a15adf6956', 'E', 'GER', 'CIV', 'ECU', NULL, '2026-05-20T15:38:27.080307+00:00', '2026-05-20T15:38:27.080307+00:00');
INSERT INTO group_bets (id, room_id, user_id, group_label, first_team, second_team, third_team, points_earned, created_at, updated_at) VALUES ('1fc67b25-f3c1-48c5-8164-ad322b95d88c', '9ff679bf-2c41-48e7-8010-a7402b639baf', 'c3fb920a-b1e6-4705-9e65-e07f52c87318', 'K', 'POR', 'COL', 'COD', NULL, '2026-03-26T17:52:07.386777+00:00', '2026-06-02T22:34:30.629+00:00');
INSERT INTO group_bets (id, room_id, user_id, group_label, first_team, second_team, third_team, points_earned, created_at, updated_at) VALUES ('96db518d-593e-47e2-a9d1-1529b06c6a1d', '9ff679bf-2c41-48e7-8010-a7402b639baf', 'c393da75-c241-4b53-b091-50a15adf6956', 'F', 'NED', 'SWE', 'JPN', NULL, '2026-05-20T15:38:28.742359+00:00', '2026-05-20T15:38:28.742359+00:00');
INSERT INTO group_bets (id, room_id, user_id, group_label, first_team, second_team, third_team, points_earned, created_at, updated_at) VALUES ('336d23c3-3d53-48cc-a8fe-175531349f50', '9ff679bf-2c41-48e7-8010-a7402b639baf', 'c393da75-c241-4b53-b091-50a15adf6956', 'D', 'TUR', 'USA', 'PAR', NULL, '2026-05-20T15:38:31.964734+00:00', '2026-05-20T15:38:31.964734+00:00');
INSERT INTO group_bets (id, room_id, user_id, group_label, first_team, second_team, third_team, points_earned, created_at, updated_at) VALUES ('18df3f68-9c38-4434-b8e0-cc7e59b6c66d', '9ff679bf-2c41-48e7-8010-a7402b639baf', '8250f49f-2729-4c1e-9fc6-e101f6ad5102', 'E', 'GER', 'CIV', 'ECU', NULL, '2026-05-23T18:21:48.829315+00:00', '2026-06-08T20:23:55.443+00:00');
INSERT INTO group_bets (id, room_id, user_id, group_label, first_team, second_team, third_team, points_earned, created_at, updated_at) VALUES ('4a671362-a54c-4d0d-a9d8-1117a8e57018', '9ff679bf-2c41-48e7-8010-a7402b639baf', 'c3fb920a-b1e6-4705-9e65-e07f52c87318', 'I', 'FRA', 'NOR', 'SEN', NULL, '2026-03-26T17:51:44.142149+00:00', '2026-04-02T20:49:24.8+00:00');
INSERT INTO group_bets (id, room_id, user_id, group_label, first_team, second_team, third_team, points_earned, created_at, updated_at) VALUES ('6aba1afa-a6e0-4ef3-acdb-2e45e5099bd2', '54e66ce1-6fd1-4b79-8a4c-3b45f21c117b', 'c3fb920a-b1e6-4705-9e65-e07f52c87318', 'A', 'MEX', 'CZE', 'KOR', NULL, '2026-05-20T13:42:48.112794+00:00', '2026-06-05T16:20:34.527+00:00');
INSERT INTO group_bets (id, room_id, user_id, group_label, first_team, second_team, third_team, points_earned, created_at, updated_at) VALUES ('2319a1a2-c8ee-4281-ac9a-812ccfd9dde7', '9ff679bf-2c41-48e7-8010-a7402b639baf', 'c393da75-c241-4b53-b091-50a15adf6956', 'C', 'BRA', 'MAR', 'SCO', NULL, '2026-05-20T15:38:35.381688+00:00', '2026-05-20T15:38:35.381688+00:00');
INSERT INTO group_bets (id, room_id, user_id, group_label, first_team, second_team, third_team, points_earned, created_at, updated_at) VALUES ('cb461fe9-3081-4672-a9eb-e7fa120a773a', '9ff679bf-2c41-48e7-8010-a7402b639baf', 'c393da75-c241-4b53-b091-50a15adf6956', 'A', 'MEX', 'KOR', 'CZE', NULL, '2026-05-20T15:38:37.211732+00:00', '2026-05-20T15:38:37.211732+00:00');
INSERT INTO group_bets (id, room_id, user_id, group_label, first_team, second_team, third_team, points_earned, created_at, updated_at) VALUES ('81df8367-87d5-470a-9349-2b0aed61f1df', '9ff679bf-2c41-48e7-8010-a7402b639baf', 'c393da75-c241-4b53-b091-50a15adf6956', 'B', 'BIH', 'SUI', 'CAN', NULL, '2026-05-20T15:38:40.563431+00:00', '2026-05-20T15:38:40.563431+00:00');
INSERT INTO group_bets (id, room_id, user_id, group_label, first_team, second_team, third_team, points_earned, created_at, updated_at) VALUES ('10185cf2-a745-4f72-8f05-5e2ac10a5ff5', '9ff679bf-2c41-48e7-8010-a7402b639baf', 'c3fb920a-b1e6-4705-9e65-e07f52c87318', 'C', 'BRA', 'MAR', 'SCO', NULL, '2026-03-26T17:49:54.293721+00:00', '2026-03-26T17:49:54.293721+00:00');
INSERT INTO group_bets (id, room_id, user_id, group_label, first_team, second_team, third_team, points_earned, created_at, updated_at) VALUES ('84d6c0b1-9dd5-47f8-bbc1-5e2faaab29b1', '9ff679bf-2c41-48e7-8010-a7402b639baf', '8250f49f-2729-4c1e-9fc6-e101f6ad5102', 'A', 'MEX', 'KOR', 'CZE', NULL, '2026-05-23T18:16:52.596263+00:00', '2026-05-29T22:43:23.884+00:00');
INSERT INTO group_bets (id, room_id, user_id, group_label, first_team, second_team, third_team, points_earned, created_at, updated_at) VALUES ('d58e505c-1754-4a9b-9198-0fae185c0e69', '54e66ce1-6fd1-4b79-8a4c-3b45f21c117b', 'c3fb920a-b1e6-4705-9e65-e07f52c87318', 'C', 'BRA', 'MAR', 'SCO', NULL, '2026-05-20T13:44:52.910631+00:00', '2026-05-20T13:44:52.910631+00:00');
INSERT INTO group_bets (id, room_id, user_id, group_label, first_team, second_team, third_team, points_earned, created_at, updated_at) VALUES ('a73ad7f4-3811-4b76-ab75-55cb34901c70', '54e66ce1-6fd1-4b79-8a4c-3b45f21c117b', 'c3fb920a-b1e6-4705-9e65-e07f52c87318', 'E', 'GER', 'ECU', 'CIV', NULL, '2026-05-20T13:46:51.148242+00:00', '2026-05-20T13:46:51.148242+00:00');
INSERT INTO group_bets (id, room_id, user_id, group_label, first_team, second_team, third_team, points_earned, created_at, updated_at) VALUES ('6ff92bff-08f2-4fcf-a171-5ddd34e4d744', '54e66ce1-6fd1-4b79-8a4c-3b45f21c117b', '7a8b5a82-db0a-407c-aa01-0f2f9c889b97', 'A', 'MEX', 'CZE', 'RSA', NULL, '2026-05-20T13:52:27.341616+00:00', '2026-05-20T13:52:27.341616+00:00');
INSERT INTO group_bets (id, room_id, user_id, group_label, first_team, second_team, third_team, points_earned, created_at, updated_at) VALUES ('3c616f1b-1299-4144-8752-3e0a6410b27d', '54e66ce1-6fd1-4b79-8a4c-3b45f21c117b', '7a8b5a82-db0a-407c-aa01-0f2f9c889b97', 'C', 'BRA', 'HAI', 'MAR', NULL, '2026-05-20T13:55:02.950423+00:00', '2026-05-20T13:55:02.950423+00:00');
INSERT INTO group_bets (id, room_id, user_id, group_label, first_team, second_team, third_team, points_earned, created_at, updated_at) VALUES ('929c20d5-97ce-4d4c-b702-76d3c73ec593', '54e66ce1-6fd1-4b79-8a4c-3b45f21c117b', '7a8b5a82-db0a-407c-aa01-0f2f9c889b97', 'E', 'GER', 'ECU', 'CUW', NULL, '2026-05-20T13:57:56.623762+00:00', '2026-05-20T13:57:56.623762+00:00');
INSERT INTO group_bets (id, room_id, user_id, group_label, first_team, second_team, third_team, points_earned, created_at, updated_at) VALUES ('013f136f-65a0-4b81-83cf-01866e06d001', '54e66ce1-6fd1-4b79-8a4c-3b45f21c117b', '7a8b5a82-db0a-407c-aa01-0f2f9c889b97', 'G', 'BEL', 'NZL', 'IRN', NULL, '2026-05-20T14:01:14.037317+00:00', '2026-05-20T14:01:14.037317+00:00');
INSERT INTO group_bets (id, room_id, user_id, group_label, first_team, second_team, third_team, points_earned, created_at, updated_at) VALUES ('5d4e0bc1-cfe3-4342-9abb-f2c283933868', '54e66ce1-6fd1-4b79-8a4c-3b45f21c117b', '7a8b5a82-db0a-407c-aa01-0f2f9c889b97', 'K', 'POR', 'COL', 'COD', NULL, '2026-05-20T14:05:20.189008+00:00', '2026-05-20T14:05:20.189008+00:00');
INSERT INTO group_bets (id, room_id, user_id, group_label, first_team, second_team, third_team, points_earned, created_at, updated_at) VALUES ('993a1483-99c8-444b-8291-cd84e3d8f32c', '54e66ce1-6fd1-4b79-8a4c-3b45f21c117b', '7a8b5a82-db0a-407c-aa01-0f2f9c889b97', 'L', 'CRO', 'ENG', 'GHA', NULL, '2026-05-20T14:06:13.070117+00:00', '2026-05-20T14:06:13.070117+00:00');
INSERT INTO group_bets (id, room_id, user_id, group_label, first_team, second_team, third_team, points_earned, created_at, updated_at) VALUES ('1b804df2-6187-4334-8c29-62f54930a45c', '54e66ce1-6fd1-4b79-8a4c-3b45f21c117b', '7a8b5a82-db0a-407c-aa01-0f2f9c889b97', 'B', 'BIH', 'QAT', 'SUI', NULL, '2026-05-20T13:53:55.773722+00:00', '2026-05-20T14:30:44.648+00:00');
INSERT INTO group_bets (id, room_id, user_id, group_label, first_team, second_team, third_team, points_earned, created_at, updated_at) VALUES ('888db1f0-b389-4129-8289-ec5db3dce2e4', '54e66ce1-6fd1-4b79-8a4c-3b45f21c117b', '7a8b5a82-db0a-407c-aa01-0f2f9c889b97', 'D', 'USA', 'PAR', 'TUR', NULL, '2026-05-20T13:56:45.929888+00:00', '2026-05-20T14:31:02.901+00:00');
INSERT INTO group_bets (id, room_id, user_id, group_label, first_team, second_team, third_team, points_earned, created_at, updated_at) VALUES ('4c5f7236-8fbf-4cc3-90d8-1e1cfc27873c', '54e66ce1-6fd1-4b79-8a4c-3b45f21c117b', 'c3fb920a-b1e6-4705-9e65-e07f52c87318', 'I', 'FRA', 'NOR', 'SEN', NULL, '2026-05-20T14:31:09.070854+00:00', '2026-05-20T14:31:09.070854+00:00');
INSERT INTO group_bets (id, room_id, user_id, group_label, first_team, second_team, third_team, points_earned, created_at, updated_at) VALUES ('eee7edee-d8f3-4582-bbe6-d855ed03b2f3', '54e66ce1-6fd1-4b79-8a4c-3b45f21c117b', 'c3fb920a-b1e6-4705-9e65-e07f52c87318', 'J', 'ARG', 'ALG', 'AUT', NULL, '2026-05-20T14:31:12.130112+00:00', '2026-05-20T14:31:12.130112+00:00');
INSERT INTO group_bets (id, room_id, user_id, group_label, first_team, second_team, third_team, points_earned, created_at, updated_at) VALUES ('e96e8598-39bc-4d0e-ae0a-fd4bf5bb7174', '54e66ce1-6fd1-4b79-8a4c-3b45f21c117b', '7a8b5a82-db0a-407c-aa01-0f2f9c889b97', 'F', 'SWE', 'NED', 'TUN', NULL, '2026-05-20T14:00:01.068804+00:00', '2026-05-20T14:31:13.959+00:00');
INSERT INTO group_bets (id, room_id, user_id, group_label, first_team, second_team, third_team, points_earned, created_at, updated_at) VALUES ('5445d8a5-775d-4d80-9b5a-44dc58b2fbad', '54e66ce1-6fd1-4b79-8a4c-3b45f21c117b', '7a8b5a82-db0a-407c-aa01-0f2f9c889b97', 'H', 'URU', 'ESP', 'CPV', NULL, '2026-05-20T14:02:06.41501+00:00', '2026-05-20T14:31:24.465+00:00');
INSERT INTO group_bets (id, room_id, user_id, group_label, first_team, second_team, third_team, points_earned, created_at, updated_at) VALUES ('64a8aec2-f3d3-4d6a-92ad-c1fc2a1bcdad', '54e66ce1-6fd1-4b79-8a4c-3b45f21c117b', '7a8b5a82-db0a-407c-aa01-0f2f9c889b97', 'I', 'FRA', 'SEN', 'IRQ', NULL, '2026-05-20T14:03:21.58515+00:00', '2026-05-20T14:31:30.743+00:00');
INSERT INTO group_bets (id, room_id, user_id, group_label, first_team, second_team, third_team, points_earned, created_at, updated_at) VALUES ('a6e38bd2-a977-4a45-aaaf-d5f37d63486b', '54e66ce1-6fd1-4b79-8a4c-3b45f21c117b', 'c3fb920a-b1e6-4705-9e65-e07f52c87318', 'L', 'ENG', 'CRO', 'GHA', NULL, '2026-05-20T14:31:32.869675+00:00', '2026-05-20T14:31:32.869675+00:00');
INSERT INTO group_bets (id, room_id, user_id, group_label, first_team, second_team, third_team, points_earned, created_at, updated_at) VALUES ('6a446d3b-0bd6-482d-95d9-0c060c136eb4', '54e66ce1-6fd1-4b79-8a4c-3b45f21c117b', '7a8b5a82-db0a-407c-aa01-0f2f9c889b97', 'J', 'ARG', 'ALG', 'JOR', NULL, '2026-05-20T14:04:28.101301+00:00', '2026-05-20T14:31:40.172+00:00');
INSERT INTO group_bets (id, room_id, user_id, group_label, first_team, second_team, third_team, points_earned, created_at, updated_at) VALUES ('6e88fc71-3cdc-402c-9867-2260b60dda18', '9ff679bf-2c41-48e7-8010-a7402b639baf', 'c3fb920a-b1e6-4705-9e65-e07f52c87318', 'E', 'GER', 'ECU', 'CIV', NULL, '2026-03-26T17:50:10.317307+00:00', '2026-05-29T22:45:54.851+00:00');
INSERT INTO group_bets (id, room_id, user_id, group_label, first_team, second_team, third_team, points_earned, created_at, updated_at) VALUES ('c5e9d51a-4670-4ef5-9b60-9e2110009fe6', '9ff679bf-2c41-48e7-8010-a7402b639baf', '8250f49f-2729-4c1e-9fc6-e101f6ad5102', 'H', 'ESP', 'URU', 'CPV', NULL, '2026-05-23T18:22:55.462252+00:00', '2026-05-31T18:22:46.947+00:00');
INSERT INTO group_bets (id, room_id, user_id, group_label, first_team, second_team, third_team, points_earned, created_at, updated_at) VALUES ('1e2e860c-285f-4972-a541-7524ac30891b', '9ff679bf-2c41-48e7-8010-a7402b639baf', 'c393da75-c241-4b53-b091-50a15adf6956', 'L', 'ENG', 'CRO', 'GHA', NULL, '2026-05-20T15:38:15.932331+00:00', '2026-05-20T15:38:15.932331+00:00');
INSERT INTO group_bets (id, room_id, user_id, group_label, first_team, second_team, third_team, points_earned, created_at, updated_at) VALUES ('db7e2b6f-513e-4f43-9821-7017cc424ad3', '9ff679bf-2c41-48e7-8010-a7402b639baf', 'c393da75-c241-4b53-b091-50a15adf6956', 'K', 'POR', 'COL', 'COD', NULL, '2026-05-20T15:38:16.80378+00:00', '2026-05-20T15:38:16.80378+00:00');
INSERT INTO group_bets (id, room_id, user_id, group_label, first_team, second_team, third_team, points_earned, created_at, updated_at) VALUES ('b927db10-46fb-4219-ac9e-cacd56f7d8ce', '9ff679bf-2c41-48e7-8010-a7402b639baf', 'c393da75-c241-4b53-b091-50a15adf6956', 'I', 'FRA', 'NOR', 'SEN', NULL, '2026-05-20T15:38:18.963864+00:00', '2026-05-20T15:38:18.963864+00:00');
INSERT INTO group_bets (id, room_id, user_id, group_label, first_team, second_team, third_team, points_earned, created_at, updated_at) VALUES ('002ccfe7-264f-49c2-9f8f-9b5bd6dec9d9', '9ff679bf-2c41-48e7-8010-a7402b639baf', 'c393da75-c241-4b53-b091-50a15adf6956', 'J', 'ARG', 'ALG', 'AUT', NULL, '2026-05-20T15:38:20.28162+00:00', '2026-05-20T15:38:20.28162+00:00');
INSERT INTO group_bets (id, room_id, user_id, group_label, first_team, second_team, third_team, points_earned, created_at, updated_at) VALUES ('33233fd8-97c0-431c-b140-eb9ff1e9e93e', '9ff679bf-2c41-48e7-8010-a7402b639baf', 'c393da75-c241-4b53-b091-50a15adf6956', 'H', 'ESP', 'URU', 'KSA', NULL, '2026-05-20T15:38:23.618394+00:00', '2026-05-20T15:38:23.618394+00:00');
INSERT INTO group_bets (id, room_id, user_id, group_label, first_team, second_team, third_team, points_earned, created_at, updated_at) VALUES ('1b01d867-aaea-4ee4-a06e-3afd9fdddb22', '9ff679bf-2c41-48e7-8010-a7402b639baf', 'c393da75-c241-4b53-b091-50a15adf6956', 'G', 'BEL', 'EGY', 'NZL', NULL, '2026-05-20T15:38:24.789084+00:00', '2026-05-20T15:38:24.789084+00:00');
INSERT INTO group_bets (id, room_id, user_id, group_label, first_team, second_team, third_team, points_earned, created_at, updated_at) VALUES ('fb18430e-a97d-480a-86ae-b32e81e3fd4a', '9ff679bf-2c41-48e7-8010-a7402b639baf', '8250f49f-2729-4c1e-9fc6-e101f6ad5102', 'C', 'BRA', 'MAR', 'SCO', NULL, '2026-05-23T18:18:29.609738+00:00', '2026-05-23T18:18:29.609738+00:00');
INSERT INTO group_bets (id, room_id, user_id, group_label, first_team, second_team, third_team, points_earned, created_at, updated_at) VALUES ('1ee65a63-5d70-4959-a0b9-f888f19eb799', '9ff679bf-2c41-48e7-8010-a7402b639baf', 'c3fb920a-b1e6-4705-9e65-e07f52c87318', 'F', 'JPN', 'NED', 'SWE', NULL, '2026-03-26T17:50:27.318274+00:00', '2026-04-02T20:48:54.877+00:00');
INSERT INTO group_bets (id, room_id, user_id, group_label, first_team, second_team, third_team, points_earned, created_at, updated_at) VALUES ('25b97db4-fe5e-48b3-99d9-b5fdecc9deaa', '9ff679bf-2c41-48e7-8010-a7402b639baf', '8250f49f-2729-4c1e-9fc6-e101f6ad5102', 'G', 'BEL', 'EGY', 'IRN', NULL, '2026-05-23T18:22:51.439928+00:00', '2026-05-23T18:22:51.439928+00:00');
INSERT INTO group_bets (id, room_id, user_id, group_label, first_team, second_team, third_team, points_earned, created_at, updated_at) VALUES ('ca506bc4-b59e-4358-8be8-3577bca2d62b', '9ff679bf-2c41-48e7-8010-a7402b639baf', '8250f49f-2729-4c1e-9fc6-e101f6ad5102', 'F', 'NED', 'JPN', 'SWE', NULL, '2026-05-23T18:22:35.180713+00:00', '2026-05-29T22:47:12.286+00:00');
INSERT INTO group_bets (id, room_id, user_id, group_label, first_team, second_team, third_team, points_earned, created_at, updated_at) VALUES ('a5ceeb8d-bac7-40e4-9d5d-dc307358c9e8', '54e66ce1-6fd1-4b79-8a4c-3b45f21c117b', '8250f49f-2729-4c1e-9fc6-e101f6ad5102', 'A', 'CZE', 'MEX', 'KOR', NULL, '2026-05-23T19:41:56.466641+00:00', '2026-06-05T17:43:27.554+00:00');
INSERT INTO group_bets (id, room_id, user_id, group_label, first_team, second_team, third_team, points_earned, created_at, updated_at) VALUES ('33a02f7a-f868-4e98-ad32-601886933374', '9ff679bf-2c41-48e7-8010-a7402b639baf', 'c3fb920a-b1e6-4705-9e65-e07f52c87318', 'G', 'BEL', 'EGY', 'IRN', NULL, '2026-03-26T17:50:51.06069+00:00', '2026-06-08T19:42:08.891+00:00');
INSERT INTO group_bets (id, room_id, user_id, group_label, first_team, second_team, third_team, points_earned, created_at, updated_at) VALUES ('20266c99-1a68-4711-a2c0-a4cc83c0557a', '9ff679bf-2c41-48e7-8010-a7402b639baf', '8250f49f-2729-4c1e-9fc6-e101f6ad5102', 'I', 'FRA', 'SEN', 'NOR', NULL, '2026-05-23T18:23:02.4666+00:00', '2026-05-23T18:23:02.4666+00:00');
INSERT INTO group_bets (id, room_id, user_id, group_label, first_team, second_team, third_team, points_earned, created_at, updated_at) VALUES ('0b1fc2f6-e508-4c53-ab70-c913348104d3', '54e66ce1-6fd1-4b79-8a4c-3b45f21c117b', '8250f49f-2729-4c1e-9fc6-e101f6ad5102', 'B', 'SUI', 'BIH', 'CAN', NULL, '2026-05-23T19:42:04.333254+00:00', '2026-05-23T19:42:04.333254+00:00');
INSERT INTO group_bets (id, room_id, user_id, group_label, first_team, second_team, third_team, points_earned, created_at, updated_at) VALUES ('7e34183f-be49-4e2a-a483-8b3cfe4f129e', '9ff679bf-2c41-48e7-8010-a7402b639baf', '8250f49f-2729-4c1e-9fc6-e101f6ad5102', 'J', 'ARG', 'AUT', 'ALG', NULL, '2026-05-23T18:23:08.089992+00:00', '2026-05-23T18:23:08.089992+00:00');
INSERT INTO group_bets (id, room_id, user_id, group_label, first_team, second_team, third_team, points_earned, created_at, updated_at) VALUES ('21ead992-23a3-4a4b-9fe0-89a64aa4c730', '9ff679bf-2c41-48e7-8010-a7402b639baf', '8250f49f-2729-4c1e-9fc6-e101f6ad5102', 'L', 'ENG', 'GHA', 'CRO', NULL, '2026-05-23T18:25:40.629488+00:00', '2026-05-23T18:27:24.511+00:00');
INSERT INTO group_bets (id, room_id, user_id, group_label, first_team, second_team, third_team, points_earned, created_at, updated_at) VALUES ('72b38371-19b3-4094-b0a5-faca96398f6f', '54e66ce1-6fd1-4b79-8a4c-3b45f21c117b', '8250f49f-2729-4c1e-9fc6-e101f6ad5102', 'C', 'BRA', 'MAR', 'SCO', NULL, '2026-05-23T19:42:07.490821+00:00', '2026-05-23T19:42:07.490821+00:00');
INSERT INTO group_bets (id, room_id, user_id, group_label, first_team, second_team, third_team, points_earned, created_at, updated_at) VALUES ('1ea9c4fa-6529-4fed-aacb-4c94e6c6f0e0', '54e66ce1-6fd1-4b79-8a4c-3b45f21c117b', '8250f49f-2729-4c1e-9fc6-e101f6ad5102', 'F', 'NED', 'JPN', 'SWE', NULL, '2026-05-23T19:45:37.435585+00:00', '2026-05-23T19:45:37.435585+00:00');
INSERT INTO group_bets (id, room_id, user_id, group_label, first_team, second_team, third_team, points_earned, created_at, updated_at) VALUES ('479ae2de-82a4-4521-84ba-fe3901c76606', '9ff679bf-2c41-48e7-8010-a7402b639baf', 'c3fb920a-b1e6-4705-9e65-e07f52c87318', 'D', 'TUR', 'PAR', 'USA', NULL, '2026-04-01T13:10:05.006404+00:00', '2026-06-08T20:24:32.955+00:00');
INSERT INTO group_bets (id, room_id, user_id, group_label, first_team, second_team, third_team, points_earned, created_at, updated_at) VALUES ('e1ea9307-326c-450c-a024-b9cefda6fe0f', '54e66ce1-6fd1-4b79-8a4c-3b45f21c117b', '8250f49f-2729-4c1e-9fc6-e101f6ad5102', 'G', 'BEL', 'EGY', 'IRN', NULL, '2026-05-23T19:45:57.996766+00:00', '2026-05-23T19:45:57.996766+00:00');
INSERT INTO group_bets (id, room_id, user_id, group_label, first_team, second_team, third_team, points_earned, created_at, updated_at) VALUES ('6c7047ce-5652-4fe7-b002-30a286dd4f7c', '54e66ce1-6fd1-4b79-8a4c-3b45f21c117b', '8250f49f-2729-4c1e-9fc6-e101f6ad5102', 'J', 'ARG', 'AUT', 'ALG', NULL, '2026-05-23T19:46:12.078398+00:00', '2026-05-23T19:46:12.078398+00:00');
INSERT INTO group_bets (id, room_id, user_id, group_label, first_team, second_team, third_team, points_earned, created_at, updated_at) VALUES ('8725b8fc-db92-4fa7-98a4-7f29419b6de3', '9ff679bf-2c41-48e7-8010-a7402b639baf', 'c3fb920a-b1e6-4705-9e65-e07f52c87318', 'H', 'ESP', 'CPV', 'URU', NULL, '2026-03-26T17:50:49.436676+00:00', '2026-05-31T18:20:59.326+00:00');
INSERT INTO group_bets (id, room_id, user_id, group_label, first_team, second_team, third_team, points_earned, created_at, updated_at) VALUES ('8e3c6ae4-ba44-477c-80f8-0cb1d47412ab', '54e66ce1-6fd1-4b79-8a4c-3b45f21c117b', 'c3fb920a-b1e6-4705-9e65-e07f52c87318', 'B', 'SUI', 'CAN', 'BIH', NULL, '2026-05-20T13:43:32.879253+00:00', '2026-06-08T22:12:06.689+00:00');
INSERT INTO group_bets (id, room_id, user_id, group_label, first_team, second_team, third_team, points_earned, created_at, updated_at) VALUES ('e942993d-cd48-4d4f-97db-7ac19393e140', '54e66ce1-6fd1-4b79-8a4c-3b45f21c117b', 'c3fb920a-b1e6-4705-9e65-e07f52c87318', 'G', 'BEL', 'IRN', 'EGY', NULL, '2026-05-20T14:30:55.690775+00:00', '2026-06-08T22:12:39.658+00:00');
INSERT INTO group_bets (id, room_id, user_id, group_label, first_team, second_team, third_team, points_earned, created_at, updated_at) VALUES ('6f9edbf5-4742-4c29-9fec-c2e714989882', '54e66ce1-6fd1-4b79-8a4c-3b45f21c117b', 'c3fb920a-b1e6-4705-9e65-e07f52c87318', 'H', 'ESP', 'CPV', 'URU', NULL, '2026-05-20T14:30:55.870678+00:00', '2026-05-30T13:46:26.078+00:00');
INSERT INTO group_bets (id, room_id, user_id, group_label, first_team, second_team, third_team, points_earned, created_at, updated_at) VALUES ('8a6c607a-6ef7-4324-93bc-34387061b946', '9ff679bf-2c41-48e7-8010-a7402b639baf', '8250f49f-2729-4c1e-9fc6-e101f6ad5102', 'B', 'SUI', 'BIH', 'CAN', NULL, '2026-05-23T18:18:22.984978+00:00', '2026-05-31T18:18:08.156+00:00');
INSERT INTO group_bets (id, room_id, user_id, group_label, first_team, second_team, third_team, points_earned, created_at, updated_at) VALUES ('4b1aa680-de85-43ce-9c9f-c3b9c76dbbb5', '9ff679bf-2c41-48e7-8010-a7402b639baf', '8250f49f-2729-4c1e-9fc6-e101f6ad5102', 'D', 'TUR', 'USA', 'PAR', NULL, '2026-05-23T18:20:57.627483+00:00', '2026-05-31T18:20:37.52+00:00');
INSERT INTO group_bets (id, room_id, user_id, group_label, first_team, second_team, third_team, points_earned, created_at, updated_at) VALUES ('5fc155d1-fcb0-4e69-b85d-9884d229c34b', '9ff679bf-2c41-48e7-8010-a7402b639baf', 'c3fb920a-b1e6-4705-9e65-e07f52c87318', 'A', 'MEX', 'CZE', 'KOR', NULL, '2026-03-26T17:48:59.746865+00:00', '2026-06-01T00:16:00.249+00:00');
INSERT INTO group_bets (id, room_id, user_id, group_label, first_team, second_team, third_team, points_earned, created_at, updated_at) VALUES ('d5568b08-0f22-4c1e-9a01-1f41c141d4c5', '54e66ce1-6fd1-4b79-8a4c-3b45f21c117b', 'c3fb920a-b1e6-4705-9e65-e07f52c87318', 'D', 'TUR', 'USA', 'PAR', NULL, '2026-05-20T13:45:46.164295+00:00', '2026-06-05T16:20:55.166+00:00');
INSERT INTO group_bets (id, room_id, user_id, group_label, first_team, second_team, third_team, points_earned, created_at, updated_at) VALUES ('51eafd94-5881-42f7-a7bb-9392218323f5', '54e66ce1-6fd1-4b79-8a4c-3b45f21c117b', 'c3fb920a-b1e6-4705-9e65-e07f52c87318', 'F', 'JPN', 'NED', 'SWE', NULL, '2026-05-20T14:30:47.651281+00:00', '2026-06-08T22:12:35.62+00:00');
INSERT INTO group_bets (id, room_id, user_id, group_label, first_team, second_team, third_team, points_earned, created_at, updated_at) VALUES ('21f6054f-cbad-4324-9557-2fc8fcfe09e1', '54e66ce1-6fd1-4b79-8a4c-3b45f21c117b', '8250f49f-2729-4c1e-9fc6-e101f6ad5102', 'D', 'TUR', 'PAR', 'USA', NULL, '2026-05-23T19:45:20.273734+00:00', '2026-06-05T17:43:34.353+00:00');
INSERT INTO group_bets (id, room_id, user_id, group_label, first_team, second_team, third_team, points_earned, created_at, updated_at) VALUES ('9881119b-803e-4b34-9048-290a9da9335a', '54e66ce1-6fd1-4b79-8a4c-3b45f21c117b', '8250f49f-2729-4c1e-9fc6-e101f6ad5102', 'E', 'GER', 'CIV', 'ECU', NULL, '2026-05-23T19:45:33.791276+00:00', '2026-06-05T17:43:38.981+00:00');
INSERT INTO group_bets (id, room_id, user_id, group_label, first_team, second_team, third_team, points_earned, created_at, updated_at) VALUES ('b74ce422-d017-4f95-9c5c-fd29c7caa49a', '54e66ce1-6fd1-4b79-8a4c-3b45f21c117b', '8250f49f-2729-4c1e-9fc6-e101f6ad5102', 'H', 'ESP', 'URU', 'CPV', NULL, '2026-05-23T19:45:56.993062+00:00', '2026-06-05T17:43:48.502+00:00');
INSERT INTO group_bets (id, room_id, user_id, group_label, first_team, second_team, third_team, points_earned, created_at, updated_at) VALUES ('be0c2df7-16d6-46bf-903a-8ebdb4b99af7', '9ff679bf-2c41-48e7-8010-a7402b639baf', 'c3fb920a-b1e6-4705-9e65-e07f52c87318', 'L', 'ENG', 'CRO', 'GHA', NULL, '2026-03-26T17:52:05.593745+00:00', '2026-06-08T19:41:58.068+00:00');
INSERT INTO group_bets (id, room_id, user_id, group_label, first_team, second_team, third_team, points_earned, created_at, updated_at) VALUES ('a11bd869-d13e-4a67-9428-dc0d6607fcad', '9ff679bf-2c41-48e7-8010-a7402b639baf', 'c3fb920a-b1e6-4705-9e65-e07f52c87318', 'B', 'SUI', 'CAN', 'BIH', NULL, '2026-04-01T13:09:52.480561+00:00', '2026-06-08T20:24:06.807+00:00');
INSERT INTO group_bets (id, room_id, user_id, group_label, first_team, second_team, third_team, points_earned, created_at, updated_at) VALUES ('551a72f8-f451-44e4-a895-85453b717098', '9ff679bf-2c41-48e7-8010-a7402b639baf', '8250f49f-2729-4c1e-9fc6-e101f6ad5102', 'K', 'COL', 'POR', 'UZB', NULL, '2026-05-23T18:23:17.698754+00:00', '2026-06-08T20:26:33.59+00:00');
INSERT INTO group_bets (id, room_id, user_id, group_label, first_team, second_team, third_team, points_earned, created_at, updated_at) VALUES ('dad32df3-87f8-4bd5-93b0-992f6bf1aa88', '54e66ce1-6fd1-4b79-8a4c-3b45f21c117b', 'c3fb920a-b1e6-4705-9e65-e07f52c87318', 'K', 'COL', 'POR', 'COD', NULL, '2026-05-20T14:31:33.415264+00:00', '2026-06-08T22:12:48.15+00:00');
INSERT INTO group_bets (id, room_id, user_id, group_label, first_team, second_team, third_team, points_earned, created_at, updated_at) VALUES ('b5fdcd5e-f92d-4a52-9209-f917a46910c4', '54e66ce1-6fd1-4b79-8a4c-3b45f21c117b', '8250f49f-2729-4c1e-9fc6-e101f6ad5102', 'L', 'ENG', 'GHA', 'CRO', NULL, '2026-05-23T19:46:16.156179+00:00', '2026-05-23T19:46:16.156179+00:00');
INSERT INTO group_bets (id, room_id, user_id, group_label, first_team, second_team, third_team, points_earned, created_at, updated_at) VALUES ('1112f1b5-14d2-42be-b5f7-913efad8dad7', '54e66ce1-6fd1-4b79-8a4c-3b45f21c117b', '8250f49f-2729-4c1e-9fc6-e101f6ad5102', 'K', 'POR', 'COL', 'COD', NULL, '2026-05-23T19:46:18.902243+00:00', '2026-05-23T19:46:18.902243+00:00');
INSERT INTO group_bets (id, room_id, user_id, group_label, first_team, second_team, third_team, points_earned, created_at, updated_at) VALUES ('63c0d9cf-12e1-488e-a6d8-f0734e235844', '54e66ce1-6fd1-4b79-8a4c-3b45f21c117b', '8250f49f-2729-4c1e-9fc6-e101f6ad5102', 'I', 'FRA', 'SEN', 'NOR', NULL, '2026-05-23T19:47:19.057181+00:00', '2026-05-23T19:47:19.057181+00:00');
INSERT INTO group_bets (id, room_id, user_id, group_label, first_team, second_team, third_team, points_earned, created_at, updated_at) VALUES ('54f6adba-d225-45b2-aea4-eafd230fb78b', '9ff679bf-2c41-48e7-8010-a7402b639baf', 'c3fb920a-b1e6-4705-9e65-e07f52c87318', 'J', 'ARG', 'ALG', 'AUT', NULL, '2026-03-26T17:51:47.764416+00:00', '2026-05-25T16:49:27.317+00:00');
INSERT INTO group_bets (id, room_id, user_id, group_label, first_team, second_team, third_team, points_earned, created_at, updated_at) VALUES ('75bf0231-6567-4ab6-8134-8fbf63e3e199', '9ff679bf-2c41-48e7-8010-a7402b639baf', '22f563d5-e98b-4411-a7c6-29c0aa11f2a2', 'C', 'BRA', 'MAR', 'SCO', NULL, '2026-05-28T14:17:57.774627+00:00', '2026-05-28T14:17:57.774627+00:00');
INSERT INTO group_bets (id, room_id, user_id, group_label, first_team, second_team, third_team, points_earned, created_at, updated_at) VALUES ('5bc29012-34ad-4e8c-a2d1-4fb63675b0e4', '9ff679bf-2c41-48e7-8010-a7402b639baf', '22f563d5-e98b-4411-a7c6-29c0aa11f2a2', 'L', 'ENG', 'CRO', 'GHA', NULL, '2026-05-28T14:18:36.136029+00:00', '2026-05-28T14:18:36.136029+00:00');
INSERT INTO group_bets (id, room_id, user_id, group_label, first_team, second_team, third_team, points_earned, created_at, updated_at) VALUES ('54c33d41-50b7-4745-a3d5-52761f3eeb66', '9ff679bf-2c41-48e7-8010-a7402b639baf', '22f563d5-e98b-4411-a7c6-29c0aa11f2a2', 'J', 'ARG', 'AUT', 'ALG', NULL, '2026-05-28T14:19:06.065555+00:00', '2026-05-28T14:19:06.065555+00:00');
INSERT INTO group_bets (id, room_id, user_id, group_label, first_team, second_team, third_team, points_earned, created_at, updated_at) VALUES ('2873617f-580d-45ce-bb6e-ffa7ec831be2', '9ff679bf-2c41-48e7-8010-a7402b639baf', '22f563d5-e98b-4411-a7c6-29c0aa11f2a2', 'I', 'FRA', 'SEN', 'NOR', NULL, '2026-05-28T14:19:21.212697+00:00', '2026-05-28T14:19:21.212697+00:00');
INSERT INTO group_bets (id, room_id, user_id, group_label, first_team, second_team, third_team, points_earned, created_at, updated_at) VALUES ('e0cd64c1-2342-47d3-aa0b-f817d835c68e', '9ff679bf-2c41-48e7-8010-a7402b639baf', '22f563d5-e98b-4411-a7c6-29c0aa11f2a2', 'H', 'ESP', 'URU', 'KSA', NULL, '2026-05-28T14:19:28.081692+00:00', '2026-05-28T14:19:28.081692+00:00');
INSERT INTO group_bets (id, room_id, user_id, group_label, first_team, second_team, third_team, points_earned, created_at, updated_at) VALUES ('1eb6cf31-a264-4d5a-b7d8-a96a7c3dae3b', '9ff679bf-2c41-48e7-8010-a7402b639baf', '22f563d5-e98b-4411-a7c6-29c0aa11f2a2', 'F', 'NED', 'JPN', 'SWE', NULL, '2026-05-28T14:19:59.881993+00:00', '2026-05-28T14:19:59.881993+00:00');
INSERT INTO group_bets (id, room_id, user_id, group_label, first_team, second_team, third_team, points_earned, created_at, updated_at) VALUES ('3d5a6394-1e86-432d-a809-13d9ba15a60b', '9ff679bf-2c41-48e7-8010-a7402b639baf', '22f563d5-e98b-4411-a7c6-29c0aa11f2a2', 'E', 'GER', 'ECU', 'CIV', NULL, '2026-05-28T14:20:09.451669+00:00', '2026-05-28T14:20:09.451669+00:00');
INSERT INTO group_bets (id, room_id, user_id, group_label, first_team, second_team, third_team, points_earned, created_at, updated_at) VALUES ('3b1ffd70-3eca-4bd5-9db6-c445cb7435c1', '9ff679bf-2c41-48e7-8010-a7402b639baf', '22f563d5-e98b-4411-a7c6-29c0aa11f2a2', 'A', 'MEX', 'RSA', 'KOR', NULL, '2026-05-28T14:21:12.364569+00:00', '2026-05-28T14:21:12.364569+00:00');
INSERT INTO group_bets (id, room_id, user_id, group_label, first_team, second_team, third_team, points_earned, created_at, updated_at) VALUES ('a6e12580-3b6b-4074-894b-d924899bb479', '9ff679bf-2c41-48e7-8010-a7402b639baf', '58160b6e-e5bb-4c24-b789-4cb2864a6451', 'K', 'POR', 'COD', 'COL', NULL, '2026-05-28T14:58:34.028199+00:00', '2026-05-28T14:58:34.028199+00:00');
INSERT INTO group_bets (id, room_id, user_id, group_label, first_team, second_team, third_team, points_earned, created_at, updated_at) VALUES ('146e4571-ac20-4313-b2ca-a4391024bd4f', '9ff679bf-2c41-48e7-8010-a7402b639baf', '58160b6e-e5bb-4c24-b789-4cb2864a6451', 'L', 'CRO', 'ENG', 'GHA', NULL, '2026-05-28T14:58:34.073441+00:00', '2026-05-28T14:58:34.073441+00:00');
INSERT INTO group_bets (id, room_id, user_id, group_label, first_team, second_team, third_team, points_earned, created_at, updated_at) VALUES ('80f57589-6ebd-4374-bb50-0d37a5b0f297', '9ff679bf-2c41-48e7-8010-a7402b639baf', '58160b6e-e5bb-4c24-b789-4cb2864a6451', 'J', 'ARG', 'ALG', 'AUT', NULL, '2026-05-28T14:58:35.247921+00:00', '2026-05-28T14:58:35.247921+00:00');
INSERT INTO group_bets (id, room_id, user_id, group_label, first_team, second_team, third_team, points_earned, created_at, updated_at) VALUES ('d541f102-4a73-4ccb-a755-8f8e8ae6212d', '9ff679bf-2c41-48e7-8010-a7402b639baf', '58160b6e-e5bb-4c24-b789-4cb2864a6451', 'I', 'FRA', 'SEN', 'NOR', NULL, '2026-05-28T14:58:35.357822+00:00', '2026-05-28T14:58:35.357822+00:00');
INSERT INTO group_bets (id, room_id, user_id, group_label, first_team, second_team, third_team, points_earned, created_at, updated_at) VALUES ('4439a3d6-3964-42dd-b3ea-1b7de8e7c2d7', '9ff679bf-2c41-48e7-8010-a7402b639baf', '58160b6e-e5bb-4c24-b789-4cb2864a6451', 'G', 'BEL', 'EGY', 'IRN', NULL, '2026-05-28T14:58:36.030133+00:00', '2026-05-28T14:58:36.030133+00:00');
INSERT INTO group_bets (id, room_id, user_id, group_label, first_team, second_team, third_team, points_earned, created_at, updated_at) VALUES ('4247822d-3279-48c1-8356-4c8c054f8d31', '9ff679bf-2c41-48e7-8010-a7402b639baf', '58160b6e-e5bb-4c24-b789-4cb2864a6451', 'H', 'ESP', 'URU', 'CPV', NULL, '2026-05-28T14:58:36.223071+00:00', '2026-05-28T14:58:36.223071+00:00');
INSERT INTO group_bets (id, room_id, user_id, group_label, first_team, second_team, third_team, points_earned, created_at, updated_at) VALUES ('1bd34ae5-64bd-45d9-b3b5-468751180db8', '9ff679bf-2c41-48e7-8010-a7402b639baf', '58160b6e-e5bb-4c24-b789-4cb2864a6451', 'F', 'JPN', 'NED', 'SWE', NULL, '2026-05-28T14:58:37.075184+00:00', '2026-05-28T14:58:37.075184+00:00');
INSERT INTO group_bets (id, room_id, user_id, group_label, first_team, second_team, third_team, points_earned, created_at, updated_at) VALUES ('14c53450-d0ad-41cc-bf1d-90d8a6247ca1', '9ff679bf-2c41-48e7-8010-a7402b639baf', '58160b6e-e5bb-4c24-b789-4cb2864a6451', 'E', 'GER', 'ECU', 'CIV', NULL, '2026-05-28T14:58:37.30179+00:00', '2026-05-28T14:58:37.30179+00:00');
INSERT INTO group_bets (id, room_id, user_id, group_label, first_team, second_team, third_team, points_earned, created_at, updated_at) VALUES ('f1b2e51c-7818-45e3-ac41-6be45736a0fe', '9ff679bf-2c41-48e7-8010-a7402b639baf', '58160b6e-e5bb-4c24-b789-4cb2864a6451', 'C', 'BRA', 'MAR', 'SCO', NULL, '2026-05-28T14:58:38.348414+00:00', '2026-05-28T14:58:38.348414+00:00');
INSERT INTO group_bets (id, room_id, user_id, group_label, first_team, second_team, third_team, points_earned, created_at, updated_at) VALUES ('b8505c4b-1d5d-471b-ab77-00bcf75dc9b4', '9ff679bf-2c41-48e7-8010-a7402b639baf', '58160b6e-e5bb-4c24-b789-4cb2864a6451', 'D', 'TUR', 'USA', 'PAR', NULL, '2026-05-28T14:58:38.528307+00:00', '2026-05-28T14:58:38.528307+00:00');
INSERT INTO group_bets (id, room_id, user_id, group_label, first_team, second_team, third_team, points_earned, created_at, updated_at) VALUES ('f048c7eb-558a-49eb-9423-ccac132a6d0c', '9ff679bf-2c41-48e7-8010-a7402b639baf', '58160b6e-e5bb-4c24-b789-4cb2864a6451', 'B', 'SUI', 'CAN', 'BIH', NULL, '2026-05-28T14:58:39.759501+00:00', '2026-05-28T14:58:39.759501+00:00');
INSERT INTO group_bets (id, room_id, user_id, group_label, first_team, second_team, third_team, points_earned, created_at, updated_at) VALUES ('ba096583-b12f-4f8e-9f1d-3e25618f238c', '9ff679bf-2c41-48e7-8010-a7402b639baf', '58160b6e-e5bb-4c24-b789-4cb2864a6451', 'A', 'KOR', 'MEX', 'CZE', NULL, '2026-05-28T14:58:39.906696+00:00', '2026-05-28T14:58:39.906696+00:00');
INSERT INTO group_bets (id, room_id, user_id, group_label, first_team, second_team, third_team, points_earned, created_at, updated_at) VALUES ('c497575b-a74e-4d62-bb3f-b30901f5193f', '9ff679bf-2c41-48e7-8010-a7402b639baf', '22f563d5-e98b-4411-a7c6-29c0aa11f2a2', 'K', 'POR', 'COL', 'UZB', NULL, '2026-05-28T14:18:58.081713+00:00', '2026-06-04T16:04:06.954+00:00');
INSERT INTO group_bets (id, room_id, user_id, group_label, first_team, second_team, third_team, points_earned, created_at, updated_at) VALUES ('5dfaba7f-b508-4feb-a289-df0477f1b9a8', '9ff679bf-2c41-48e7-8010-a7402b639baf', '22f563d5-e98b-4411-a7c6-29c0aa11f2a2', 'G', 'BEL', 'EGY', 'NZL', NULL, '2026-05-28T14:19:49.827736+00:00', '2026-06-04T16:04:31.889+00:00');
INSERT INTO group_bets (id, room_id, user_id, group_label, first_team, second_team, third_team, points_earned, created_at, updated_at) VALUES ('98f7797d-92d2-4788-a0f8-c5fab41f18c7', '9ff679bf-2c41-48e7-8010-a7402b639baf', '22f563d5-e98b-4411-a7c6-29c0aa11f2a2', 'D', 'PAR', 'TUR', 'USA', NULL, '2026-05-28T14:20:48.40463+00:00', '2026-06-04T16:04:52.181+00:00');
INSERT INTO group_bets (id, room_id, user_id, group_label, first_team, second_team, third_team, points_earned, created_at, updated_at) VALUES ('6e1d8be9-c477-473e-b62c-8299634cf143', '9ff679bf-2c41-48e7-8010-a7402b639baf', 'e6dc9700-da36-496d-afe2-1a41e52d28ce', 'A', 'MEX', 'CZE', 'KOR', NULL, '2026-06-11T13:03:01.437955+00:00', '2026-06-11T13:03:01.437955+00:00');
INSERT INTO group_bets (id, room_id, user_id, group_label, first_team, second_team, third_team, points_earned, created_at, updated_at) VALUES ('a8cc6590-f5bf-4a80-aeab-1a74a678be26', '9ff679bf-2c41-48e7-8010-a7402b639baf', '22f563d5-e98b-4411-a7c6-29c0aa11f2a2', 'B', 'CAN', 'BIH', 'SUI', NULL, '2026-05-28T14:17:48.48604+00:00', '2026-06-04T16:05:53.454+00:00');
INSERT INTO group_bets (id, room_id, user_id, group_label, first_team, second_team, third_team, points_earned, created_at, updated_at) VALUES ('35b781f9-4484-4528-9d94-969754d02430', '9ff679bf-2c41-48e7-8010-a7402b639baf', 'ea9237ba-7e86-4908-9457-399bb30a4d40', 'A', 'MEX', 'KOR', 'CZE', NULL, '2026-06-07T00:21:22.136557+00:00', '2026-06-07T00:21:22.136557+00:00');
INSERT INTO group_bets (id, room_id, user_id, group_label, first_team, second_team, third_team, points_earned, created_at, updated_at) VALUES ('0306d826-a7e0-4c0a-a0f5-35dd9947fbec', '9ff679bf-2c41-48e7-8010-a7402b639baf', 'ea9237ba-7e86-4908-9457-399bb30a4d40', 'B', 'BIH', 'SUI', 'CAN', NULL, '2026-06-07T00:21:34.1159+00:00', '2026-06-07T00:21:34.1159+00:00');
INSERT INTO group_bets (id, room_id, user_id, group_label, first_team, second_team, third_team, points_earned, created_at, updated_at) VALUES ('28eeef97-332c-4298-b489-b7917a61ec19', '9ff679bf-2c41-48e7-8010-a7402b639baf', 'ea9237ba-7e86-4908-9457-399bb30a4d40', 'C', 'BRA', 'MAR', 'SCO', NULL, '2026-06-07T00:21:54.678705+00:00', '2026-06-07T00:21:54.678705+00:00');
INSERT INTO group_bets (id, room_id, user_id, group_label, first_team, second_team, third_team, points_earned, created_at, updated_at) VALUES ('9476ca56-31fb-4382-bbf4-c2b5922efec9', '9ff679bf-2c41-48e7-8010-a7402b639baf', 'ea9237ba-7e86-4908-9457-399bb30a4d40', 'D', 'TUR', 'PAR', 'USA', NULL, '2026-06-07T00:22:15.612673+00:00', '2026-06-07T00:22:15.612673+00:00');
INSERT INTO group_bets (id, room_id, user_id, group_label, first_team, second_team, third_team, points_earned, created_at, updated_at) VALUES ('87cb46dc-2055-41b7-a0cd-376523deb0f3', '9ff679bf-2c41-48e7-8010-a7402b639baf', 'ea9237ba-7e86-4908-9457-399bb30a4d40', 'E', 'GER', 'CIV', 'ECU', NULL, '2026-06-07T00:22:27.147587+00:00', '2026-06-07T00:22:27.147587+00:00');
INSERT INTO group_bets (id, room_id, user_id, group_label, first_team, second_team, third_team, points_earned, created_at, updated_at) VALUES ('ba244a30-7b81-492a-9911-8ad79cc45b2a', '9ff679bf-2c41-48e7-8010-a7402b639baf', 'ea9237ba-7e86-4908-9457-399bb30a4d40', 'F', 'NED', 'JPN', 'SWE', NULL, '2026-06-07T00:22:49.842777+00:00', '2026-06-07T00:22:49.842777+00:00');
INSERT INTO group_bets (id, room_id, user_id, group_label, first_team, second_team, third_team, points_earned, created_at, updated_at) VALUES ('1602e5d7-b537-4f62-b4b9-9dc1ff3bf382', '9ff679bf-2c41-48e7-8010-a7402b639baf', 'ea9237ba-7e86-4908-9457-399bb30a4d40', 'G', 'BEL', 'EGY', 'IRN', NULL, '2026-06-07T00:23:42.107049+00:00', '2026-06-07T00:23:42.107049+00:00');
INSERT INTO group_bets (id, room_id, user_id, group_label, first_team, second_team, third_team, points_earned, created_at, updated_at) VALUES ('36f51c25-3076-443f-b953-489badcf3a3f', '9ff679bf-2c41-48e7-8010-a7402b639baf', 'ea9237ba-7e86-4908-9457-399bb30a4d40', 'H', 'ESP', 'URU', 'KSA', NULL, '2026-06-07T00:24:03.041151+00:00', '2026-06-07T00:24:03.041151+00:00');
INSERT INTO group_bets (id, room_id, user_id, group_label, first_team, second_team, third_team, points_earned, created_at, updated_at) VALUES ('31480519-c633-4db9-b207-30f9a5266c7c', '9ff679bf-2c41-48e7-8010-a7402b639baf', 'ea9237ba-7e86-4908-9457-399bb30a4d40', 'I', 'FRA', 'NOR', 'SEN', NULL, '2026-06-07T00:24:15.352157+00:00', '2026-06-07T00:24:15.352157+00:00');
INSERT INTO group_bets (id, room_id, user_id, group_label, first_team, second_team, third_team, points_earned, created_at, updated_at) VALUES ('369c46d5-4bdb-4733-a833-577b40ba937a', '9ff679bf-2c41-48e7-8010-a7402b639baf', 'ea9237ba-7e86-4908-9457-399bb30a4d40', 'J', 'ARG', 'ALG', 'AUT', NULL, '2026-06-07T00:25:28.353247+00:00', '2026-06-07T00:25:28.353247+00:00');
INSERT INTO group_bets (id, room_id, user_id, group_label, first_team, second_team, third_team, points_earned, created_at, updated_at) VALUES ('4fbc68b1-9e7c-4cf8-8863-0ccfcb1f2d2c', '9ff679bf-2c41-48e7-8010-a7402b639baf', 'ea9237ba-7e86-4908-9457-399bb30a4d40', 'K', 'POR', 'COL', 'UZB', NULL, '2026-06-07T00:25:39.848174+00:00', '2026-06-07T00:25:39.848174+00:00');
INSERT INTO group_bets (id, room_id, user_id, group_label, first_team, second_team, third_team, points_earned, created_at, updated_at) VALUES ('abd4902f-25ea-4e07-b9a8-74f7ac61367c', '9ff679bf-2c41-48e7-8010-a7402b639baf', 'ea9237ba-7e86-4908-9457-399bb30a4d40', 'L', 'ENG', 'CRO', 'GHA', NULL, '2026-06-07T00:26:02.185904+00:00', '2026-06-07T00:26:02.185904+00:00');
INSERT INTO group_bets (id, room_id, user_id, group_label, first_team, second_team, third_team, points_earned, created_at, updated_at) VALUES ('d21e5628-ef28-4f7c-8101-805ee4ccb48b', '9ff679bf-2c41-48e7-8010-a7402b639baf', 'd287c5d6-d119-4c98-aaf2-a8ccd4ffaa74', 'A', 'MEX', 'KOR', 'CZE', NULL, '2026-06-08T18:23:37.633179+00:00', '2026-06-08T18:23:37.633179+00:00');
INSERT INTO group_bets (id, room_id, user_id, group_label, first_team, second_team, third_team, points_earned, created_at, updated_at) VALUES ('b3c6f461-00d6-4485-a8de-d366851ca21f', '9ff679bf-2c41-48e7-8010-a7402b639baf', 'd287c5d6-d119-4c98-aaf2-a8ccd4ffaa74', 'B', 'SUI', 'BIH', 'CAN', NULL, '2026-06-08T18:24:09.256132+00:00', '2026-06-08T18:24:09.256132+00:00');
INSERT INTO group_bets (id, room_id, user_id, group_label, first_team, second_team, third_team, points_earned, created_at, updated_at) VALUES ('a9318c23-f16c-43b1-a5c7-f9a58d83a967', '9ff679bf-2c41-48e7-8010-a7402b639baf', 'd287c5d6-d119-4c98-aaf2-a8ccd4ffaa74', 'C', 'BRA', 'MAR', 'SCO', NULL, '2026-06-08T18:24:18.666388+00:00', '2026-06-08T18:24:18.666388+00:00');
INSERT INTO group_bets (id, room_id, user_id, group_label, first_team, second_team, third_team, points_earned, created_at, updated_at) VALUES ('6d3a8ba8-a165-4ae5-b8b8-35bd2ed98bfb', '9ff679bf-2c41-48e7-8010-a7402b639baf', 'd287c5d6-d119-4c98-aaf2-a8ccd4ffaa74', 'D', 'TUR', 'USA', 'PAR', NULL, '2026-06-08T18:25:14.026242+00:00', '2026-06-08T18:25:14.026242+00:00');
INSERT INTO group_bets (id, room_id, user_id, group_label, first_team, second_team, third_team, points_earned, created_at, updated_at) VALUES ('73aebff2-247c-4e43-b1dd-0525a58e26dc', '9ff679bf-2c41-48e7-8010-a7402b639baf', 'd287c5d6-d119-4c98-aaf2-a8ccd4ffaa74', 'E', 'GER', 'ECU', 'CIV', NULL, '2026-06-08T18:25:57.177169+00:00', '2026-06-08T18:25:57.177169+00:00');
INSERT INTO group_bets (id, room_id, user_id, group_label, first_team, second_team, third_team, points_earned, created_at, updated_at) VALUES ('8a7fbd8a-0794-4231-94c9-006a42519a35', '9ff679bf-2c41-48e7-8010-a7402b639baf', 'd287c5d6-d119-4c98-aaf2-a8ccd4ffaa74', 'F', 'NED', 'JPN', 'SWE', NULL, '2026-06-08T18:28:31.466834+00:00', '2026-06-08T18:28:31.466834+00:00');
INSERT INTO group_bets (id, room_id, user_id, group_label, first_team, second_team, third_team, points_earned, created_at, updated_at) VALUES ('a51385f5-31cc-424c-adda-4fe4eb759837', '9ff679bf-2c41-48e7-8010-a7402b639baf', 'd287c5d6-d119-4c98-aaf2-a8ccd4ffaa74', 'G', 'BEL', 'EGY', 'IRN', NULL, '2026-06-08T18:29:31.332716+00:00', '2026-06-08T18:29:31.332716+00:00');
INSERT INTO group_bets (id, room_id, user_id, group_label, first_team, second_team, third_team, points_earned, created_at, updated_at) VALUES ('2448a79c-0436-4a55-91d3-c2ee058841d9', '9ff679bf-2c41-48e7-8010-a7402b639baf', 'd287c5d6-d119-4c98-aaf2-a8ccd4ffaa74', 'H', 'ESP', 'URU', 'CPV', NULL, '2026-06-08T18:30:16.268627+00:00', '2026-06-08T18:30:16.268627+00:00');
INSERT INTO group_bets (id, room_id, user_id, group_label, first_team, second_team, third_team, points_earned, created_at, updated_at) VALUES ('0fe53caa-b320-4744-936a-991e420823b0', '9ff679bf-2c41-48e7-8010-a7402b639baf', 'd287c5d6-d119-4c98-aaf2-a8ccd4ffaa74', 'I', 'FRA', 'SEN', 'NOR', NULL, '2026-06-08T18:32:10.349236+00:00', '2026-06-08T18:32:10.349236+00:00');
INSERT INTO group_bets (id, room_id, user_id, group_label, first_team, second_team, third_team, points_earned, created_at, updated_at) VALUES ('db810863-c3f3-42a5-bef8-3cd07632b4b9', '9ff679bf-2c41-48e7-8010-a7402b639baf', 'd287c5d6-d119-4c98-aaf2-a8ccd4ffaa74', 'J', 'ARG', 'AUT', 'ALG', NULL, '2026-06-08T18:32:10.548048+00:00', '2026-06-08T18:32:10.548048+00:00');
INSERT INTO group_bets (id, room_id, user_id, group_label, first_team, second_team, third_team, points_earned, created_at, updated_at) VALUES ('b8860cd4-7818-4053-9027-918fe9790ea6', '9ff679bf-2c41-48e7-8010-a7402b639baf', 'd287c5d6-d119-4c98-aaf2-a8ccd4ffaa74', 'K', 'POR', 'COL', 'COD', NULL, '2026-06-08T18:32:59.922298+00:00', '2026-06-08T18:32:59.922298+00:00');
INSERT INTO group_bets (id, room_id, user_id, group_label, first_team, second_team, third_team, points_earned, created_at, updated_at) VALUES ('bdd0fd97-5688-472c-9eb9-1c37f431287f', '9ff679bf-2c41-48e7-8010-a7402b639baf', 'd287c5d6-d119-4c98-aaf2-a8ccd4ffaa74', 'L', 'ENG', 'CRO', 'GHA', NULL, '2026-06-08T18:33:57.642634+00:00', '2026-06-08T18:33:57.642634+00:00');
INSERT INTO group_bets (id, room_id, user_id, group_label, first_team, second_team, third_team, points_earned, created_at, updated_at) VALUES ('de788d33-c644-47de-bda9-d2bc96ddbe34', '9ff679bf-2c41-48e7-8010-a7402b639baf', 'e5540940-ed57-43f6-b541-8ec032ec7c40', 'A', 'MEX', 'KOR', 'CZE', NULL, '2026-06-09T20:16:57.445035+00:00', '2026-06-09T20:16:57.445035+00:00');
INSERT INTO group_bets (id, room_id, user_id, group_label, first_team, second_team, third_team, points_earned, created_at, updated_at) VALUES ('c4fde630-7cac-46de-a3fb-468cc7f97576', '9ff679bf-2c41-48e7-8010-a7402b639baf', 'e5540940-ed57-43f6-b541-8ec032ec7c40', 'B', 'SUI', 'BIH', 'CAN', NULL, '2026-06-09T20:17:15.96953+00:00', '2026-06-09T20:17:15.96953+00:00');
INSERT INTO group_bets (id, room_id, user_id, group_label, first_team, second_team, third_team, points_earned, created_at, updated_at) VALUES ('85607124-f150-48ad-a58c-5e3d62e89399', '9ff679bf-2c41-48e7-8010-a7402b639baf', 'e5540940-ed57-43f6-b541-8ec032ec7c40', 'C', 'BRA', 'MAR', 'SCO', NULL, '2026-06-09T20:17:22.664339+00:00', '2026-06-09T20:17:22.664339+00:00');
INSERT INTO group_bets (id, room_id, user_id, group_label, first_team, second_team, third_team, points_earned, created_at, updated_at) VALUES ('60e14e1c-16ab-48ff-9893-c96805d181ee', '9ff679bf-2c41-48e7-8010-a7402b639baf', 'e5540940-ed57-43f6-b541-8ec032ec7c40', 'D', 'TUR', 'USA', 'PAR', NULL, '2026-06-09T20:17:28.050522+00:00', '2026-06-09T20:17:28.050522+00:00');
INSERT INTO group_bets (id, room_id, user_id, group_label, first_team, second_team, third_team, points_earned, created_at, updated_at) VALUES ('a3e99baa-c809-418f-b2ae-7c31a3b07b47', '9ff679bf-2c41-48e7-8010-a7402b639baf', 'e5540940-ed57-43f6-b541-8ec032ec7c40', 'E', 'GER', 'CIV', 'ECU', NULL, '2026-06-09T20:17:33.145785+00:00', '2026-06-09T20:17:33.145785+00:00');
INSERT INTO group_bets (id, room_id, user_id, group_label, first_team, second_team, third_team, points_earned, created_at, updated_at) VALUES ('69a1f44a-7335-45b6-b418-3eeddfd288df', '9ff679bf-2c41-48e7-8010-a7402b639baf', 'e5540940-ed57-43f6-b541-8ec032ec7c40', 'F', 'JPN', 'NED', 'SWE', NULL, '2026-06-09T20:17:39.683486+00:00', '2026-06-09T20:17:39.683486+00:00');
INSERT INTO group_bets (id, room_id, user_id, group_label, first_team, second_team, third_team, points_earned, created_at, updated_at) VALUES ('75a70f23-7e27-4a88-b7b5-c2f4c5697d80', '9ff679bf-2c41-48e7-8010-a7402b639baf', 'e5540940-ed57-43f6-b541-8ec032ec7c40', 'G', 'BEL', 'EGY', 'IRN', NULL, '2026-06-09T20:17:57.766193+00:00', '2026-06-09T20:17:57.766193+00:00');
INSERT INTO group_bets (id, room_id, user_id, group_label, first_team, second_team, third_team, points_earned, created_at, updated_at) VALUES ('83e5414e-705f-4683-ab5d-f6010f395db0', '9ff679bf-2c41-48e7-8010-a7402b639baf', 'e5540940-ed57-43f6-b541-8ec032ec7c40', 'H', 'ESP', 'URU', 'CPV', NULL, '2026-06-09T20:18:04.035887+00:00', '2026-06-09T20:18:04.035887+00:00');
INSERT INTO group_bets (id, room_id, user_id, group_label, first_team, second_team, third_team, points_earned, created_at, updated_at) VALUES ('f004aca0-3581-4d84-9aec-47c915de9ad1', '9ff679bf-2c41-48e7-8010-a7402b639baf', 'e5540940-ed57-43f6-b541-8ec032ec7c40', 'I', 'FRA', 'SEN', 'NOR', NULL, '2026-06-09T20:18:11.701323+00:00', '2026-06-09T20:18:11.701323+00:00');
INSERT INTO group_bets (id, room_id, user_id, group_label, first_team, second_team, third_team, points_earned, created_at, updated_at) VALUES ('5787f833-0bd3-4ada-a881-d8bc950085aa', '9ff679bf-2c41-48e7-8010-a7402b639baf', 'e5540940-ed57-43f6-b541-8ec032ec7c40', 'J', 'ARG', 'AUT', 'ALG', NULL, '2026-06-09T20:18:16.531984+00:00', '2026-06-09T20:18:16.531984+00:00');
INSERT INTO group_bets (id, room_id, user_id, group_label, first_team, second_team, third_team, points_earned, created_at, updated_at) VALUES ('69fde12d-c628-4790-8710-ef2693459cee', '9ff679bf-2c41-48e7-8010-a7402b639baf', 'e5540940-ed57-43f6-b541-8ec032ec7c40', 'K', 'POR', 'COL', 'COD', NULL, '2026-06-09T20:18:20.222294+00:00', '2026-06-09T20:18:20.222294+00:00');
INSERT INTO group_bets (id, room_id, user_id, group_label, first_team, second_team, third_team, points_earned, created_at, updated_at) VALUES ('2a88a7a9-6d0c-4661-af8e-0b5be705f917', '9ff679bf-2c41-48e7-8010-a7402b639baf', 'e5540940-ed57-43f6-b541-8ec032ec7c40', 'L', 'CRO', 'ENG', 'GHA', NULL, '2026-06-09T20:18:27.069958+00:00', '2026-06-09T20:18:27.069958+00:00');
INSERT INTO group_bets (id, room_id, user_id, group_label, first_team, second_team, third_team, points_earned, created_at, updated_at) VALUES ('bbc92475-4ce3-439c-a07e-d053266ceb30', '9ff679bf-2c41-48e7-8010-a7402b639baf', 'e6dc9700-da36-496d-afe2-1a41e52d28ce', 'B', 'SUI', 'BIH', 'CAN', NULL, '2026-06-11T13:03:18.326108+00:00', '2026-06-11T13:03:18.326108+00:00');
INSERT INTO group_bets (id, room_id, user_id, group_label, first_team, second_team, third_team, points_earned, created_at, updated_at) VALUES ('3dfa8639-7478-45de-a30b-9cc28ced24a0', '9ff679bf-2c41-48e7-8010-a7402b639baf', 'e6dc9700-da36-496d-afe2-1a41e52d28ce', 'D', 'TUR', 'USA', 'PAR', NULL, '2026-06-11T13:03:44.774719+00:00', '2026-06-11T13:03:44.774719+00:00');
INSERT INTO group_bets (id, room_id, user_id, group_label, first_team, second_team, third_team, points_earned, created_at, updated_at) VALUES ('74632a99-0b61-48bd-bccf-25938d6babd9', '9ff679bf-2c41-48e7-8010-a7402b639baf', 'e6dc9700-da36-496d-afe2-1a41e52d28ce', 'C', 'BRA', 'MAR', 'SCO', NULL, '2026-06-11T13:03:45.051764+00:00', '2026-06-11T13:03:45.051764+00:00');
INSERT INTO group_bets (id, room_id, user_id, group_label, first_team, second_team, third_team, points_earned, created_at, updated_at) VALUES ('77190942-ca31-4240-8d4b-96c09ae82478', '9ff679bf-2c41-48e7-8010-a7402b639baf', 'e6dc9700-da36-496d-afe2-1a41e52d28ce', 'E', 'GER', 'ECU', 'CIV', NULL, '2026-06-11T13:03:53.833046+00:00', '2026-06-11T13:03:53.833046+00:00');
INSERT INTO group_bets (id, room_id, user_id, group_label, first_team, second_team, third_team, points_earned, created_at, updated_at) VALUES ('c527427b-8891-407a-bf4f-75ec5025a211', '9ff679bf-2c41-48e7-8010-a7402b639baf', 'e6dc9700-da36-496d-afe2-1a41e52d28ce', 'F', 'NED', 'JPN', 'SWE', NULL, '2026-06-11T13:04:02.335088+00:00', '2026-06-11T13:04:02.335088+00:00');
INSERT INTO group_bets (id, room_id, user_id, group_label, first_team, second_team, third_team, points_earned, created_at, updated_at) VALUES ('3d1aac30-c74a-419c-8d8d-8dbff86c3cfe', '9ff679bf-2c41-48e7-8010-a7402b639baf', 'e6dc9700-da36-496d-afe2-1a41e52d28ce', 'G', 'EGY', 'BEL', 'IRN', NULL, '2026-06-11T13:04:20.899021+00:00', '2026-06-11T13:04:20.899021+00:00');
INSERT INTO group_bets (id, room_id, user_id, group_label, first_team, second_team, third_team, points_earned, created_at, updated_at) VALUES ('b236ba71-0715-43e3-b581-12b8cb45c17d', '9ff679bf-2c41-48e7-8010-a7402b639baf', 'e6dc9700-da36-496d-afe2-1a41e52d28ce', 'H', 'ESP', 'URU', 'KSA', NULL, '2026-06-11T13:04:27.494318+00:00', '2026-06-11T13:04:27.494318+00:00');
INSERT INTO group_bets (id, room_id, user_id, group_label, first_team, second_team, third_team, points_earned, created_at, updated_at) VALUES ('dab3be5f-8fbe-4a38-a109-c92a8730845c', '9ff679bf-2c41-48e7-8010-a7402b639baf', 'e6dc9700-da36-496d-afe2-1a41e52d28ce', 'I', 'FRA', 'NOR', 'SEN', NULL, '2026-06-11T13:04:44.179713+00:00', '2026-06-11T13:04:44.179713+00:00');
INSERT INTO group_bets (id, room_id, user_id, group_label, first_team, second_team, third_team, points_earned, created_at, updated_at) VALUES ('6c5b35a4-8a4d-43cc-8aa9-f068091b7fc1', '9ff679bf-2c41-48e7-8010-a7402b639baf', 'e6dc9700-da36-496d-afe2-1a41e52d28ce', 'J', 'ARG', 'ALG', 'AUT', NULL, '2026-06-11T13:04:58.466793+00:00', '2026-06-11T13:04:58.466793+00:00');
INSERT INTO group_bets (id, room_id, user_id, group_label, first_team, second_team, third_team, points_earned, created_at, updated_at) VALUES ('d0d89816-840f-4a0e-87ac-73e37d17f8cf', '9ff679bf-2c41-48e7-8010-a7402b639baf', 'e6dc9700-da36-496d-afe2-1a41e52d28ce', 'K', 'COL', 'POR', 'COD', NULL, '2026-06-11T13:05:15.203682+00:00', '2026-06-11T13:05:15.203682+00:00');
INSERT INTO group_bets (id, room_id, user_id, group_label, first_team, second_team, third_team, points_earned, created_at, updated_at) VALUES ('e9ed4629-1ef9-4238-8875-92932f618aea', '9ff679bf-2c41-48e7-8010-a7402b639baf', 'e6dc9700-da36-496d-afe2-1a41e52d28ce', 'L', 'ENG', 'GHA', 'CRO', NULL, '2026-06-11T13:05:21.861205+00:00', '2026-06-11T13:05:21.861205+00:00');
INSERT INTO group_bets (id, room_id, user_id, group_label, first_team, second_team, third_team, points_earned, created_at, updated_at) VALUES ('152f79bb-9491-407e-9d8c-600544beaa9e', '54e66ce1-6fd1-4b79-8a4c-3b45f21c117b', 'adf4ff21-e1b5-4fdb-ac43-6eda9a8aab5b', 'A', 'MEX', 'RSA', 'KOR', NULL, '2026-06-13T10:24:31.305185+00:00', '2026-06-13T10:24:31.305185+00:00');
INSERT INTO group_bets (id, room_id, user_id, group_label, first_team, second_team, third_team, points_earned, created_at, updated_at) VALUES ('50f34413-2365-402f-8805-2484eaff2dea', '54e66ce1-6fd1-4b79-8a4c-3b45f21c117b', 'adf4ff21-e1b5-4fdb-ac43-6eda9a8aab5b', 'B', 'CAN', 'SUI', 'BIH', NULL, '2026-06-13T10:24:51.98217+00:00', '2026-06-13T10:24:51.98217+00:00');
INSERT INTO group_bets (id, room_id, user_id, group_label, first_team, second_team, third_team, points_earned, created_at, updated_at) VALUES ('4be8e8ab-3835-4bc4-887c-6efc78a70c7e', '54e66ce1-6fd1-4b79-8a4c-3b45f21c117b', 'adf4ff21-e1b5-4fdb-ac43-6eda9a8aab5b', 'C', 'BRA', 'MAR', 'SCO', NULL, '2026-06-13T10:25:03.521809+00:00', '2026-06-13T10:25:03.521809+00:00');
INSERT INTO group_bets (id, room_id, user_id, group_label, first_team, second_team, third_team, points_earned, created_at, updated_at) VALUES ('9b77b88d-4973-4bc7-9ad4-40b4e8e0168e', '54e66ce1-6fd1-4b79-8a4c-3b45f21c117b', 'adf4ff21-e1b5-4fdb-ac43-6eda9a8aab5b', 'D', 'USA', 'PAR', 'AUS', NULL, '2026-06-13T10:25:19.060728+00:00', '2026-06-13T10:25:19.060728+00:00');
INSERT INTO group_bets (id, room_id, user_id, group_label, first_team, second_team, third_team, points_earned, created_at, updated_at) VALUES ('d3f9222d-68eb-417d-9a9b-5e6427abee19', '54e66ce1-6fd1-4b79-8a4c-3b45f21c117b', 'adf4ff21-e1b5-4fdb-ac43-6eda9a8aab5b', 'E', 'GER', 'ECU', 'CIV', NULL, '2026-06-13T10:25:31.335206+00:00', '2026-06-13T10:25:31.335206+00:00');
INSERT INTO group_bets (id, room_id, user_id, group_label, first_team, second_team, third_team, points_earned, created_at, updated_at) VALUES ('44a7f528-4f87-4a28-9751-6f86c7f498f3', '54e66ce1-6fd1-4b79-8a4c-3b45f21c117b', 'adf4ff21-e1b5-4fdb-ac43-6eda9a8aab5b', 'F', 'JPN', 'NED', 'SWE', NULL, '2026-06-13T10:29:00.117952+00:00', '2026-06-13T10:29:00.117952+00:00');
INSERT INTO group_bets (id, room_id, user_id, group_label, first_team, second_team, third_team, points_earned, created_at, updated_at) VALUES ('986042f9-14d6-4068-8f9c-e467675ba184', '54e66ce1-6fd1-4b79-8a4c-3b45f21c117b', 'adf4ff21-e1b5-4fdb-ac43-6eda9a8aab5b', 'G', 'BEL', 'IRN', 'NZL', NULL, '2026-06-13T10:29:21.753005+00:00', '2026-06-13T10:29:21.753005+00:00');
INSERT INTO group_bets (id, room_id, user_id, group_label, first_team, second_team, third_team, points_earned, created_at, updated_at) VALUES ('5baec9c7-3158-45c3-8432-d8fe1e04087d', '54e66ce1-6fd1-4b79-8a4c-3b45f21c117b', 'adf4ff21-e1b5-4fdb-ac43-6eda9a8aab5b', 'H', 'ESP', 'URU', 'CPV', NULL, '2026-06-13T10:29:57.245466+00:00', '2026-06-13T10:29:57.245466+00:00');
INSERT INTO group_bets (id, room_id, user_id, group_label, first_team, second_team, third_team, points_earned, created_at, updated_at) VALUES ('ee3596d9-0944-4210-a804-b6d59610ed9e', '54e66ce1-6fd1-4b79-8a4c-3b45f21c117b', 'adf4ff21-e1b5-4fdb-ac43-6eda9a8aab5b', 'I', 'FRA', 'NOR', 'IRQ', NULL, '2026-06-13T10:30:13.917469+00:00', '2026-06-13T10:30:13.917469+00:00');
INSERT INTO group_bets (id, room_id, user_id, group_label, first_team, second_team, third_team, points_earned, created_at, updated_at) VALUES ('af03b7b0-ab9a-4fe3-964c-193a132fd037', '54e66ce1-6fd1-4b79-8a4c-3b45f21c117b', 'adf4ff21-e1b5-4fdb-ac43-6eda9a8aab5b', 'J', 'ARG', 'AUT', 'JOR', NULL, '2026-06-13T10:30:38.822999+00:00', '2026-06-13T10:30:38.822999+00:00');
INSERT INTO group_bets (id, room_id, user_id, group_label, first_team, second_team, third_team, points_earned, created_at, updated_at) VALUES ('0a391dd4-aee9-48ec-91fa-cde3f2f9a0eb', '54e66ce1-6fd1-4b79-8a4c-3b45f21c117b', 'adf4ff21-e1b5-4fdb-ac43-6eda9a8aab5b', 'K', 'POR', 'COL', 'COD', NULL, '2026-06-13T10:31:01.883654+00:00', '2026-06-13T10:31:01.883654+00:00');
INSERT INTO group_bets (id, room_id, user_id, group_label, first_team, second_team, third_team, points_earned, created_at, updated_at) VALUES ('3ef743ad-a3e6-4268-9007-31d6e2816630', '54e66ce1-6fd1-4b79-8a4c-3b45f21c117b', 'adf4ff21-e1b5-4fdb-ac43-6eda9a8aab5b', 'L', 'ENG', 'CRO', 'PAN', NULL, '2026-06-13T10:31:14.579755+00:00', '2026-06-13T10:31:14.579755+00:00');

